id,created_at,suhu,kelembapan,cahaya,kondisi
18,2026-04-13 02:52:00.210695+00,29.8,71.5,711,TERANG
19,2026-04-13 02:57:00.190764+00,29.8,70.9,400,TERANG
20,2026-04-13 03:03:00.467898+00,30,68.5,389,TERANG
21,2026-04-13 03:08:00.503225+00,29.8,69.9,260,TERANG
22,2026-04-13 03:13:00.613372+00,30.4,68.1,247,TERANG
23,2026-04-13 03:18:00.917651+00,30.4,67.6,261,TERANG
24,2026-04-13 03:23:00.829361+00,30.8,67.6,245,TERANG
25,2026-04-13 03:28:02.135464+00,31,67.7,531,TERANG
26,2026-04-13 03:33:03.384093+00,30.4,67.1,492,TERANG
27,2026-04-13 03:38:03.421751+00,30.6,68.1,490,TERANG
28,2026-04-13 03:43:03.592935+00,30.6,67.3,500,TERANG
29,2026-04-13 03:48:03.905894+00,31.2,67.4,387,TERANG
30,2026-04-13 03:53:04.275654+00,31.3,68,342,TERANG
31,2026-04-13 03:58:04.934151+00,31.2,67.6,365,TERANG
32,2026-04-13 04:03:05.47915+00,31.1,68.5,401,TERANG
33,2026-04-13 04:08:05.840802+00,31.2,69.2,351,TERANG
34,2026-04-13 04:13:06.319731+00,31.4,67.1,316,TERANG
35,2026-04-13 04:18:07.790237+00,31.8,66.6,331,TERANG
36,2026-04-13 04:23:08.08679+00,32.1,67.4,350,TERANG
37,2026-04-13 04:28:08.499337+00,31.8,68,287,TERANG
38,2026-04-13 04:35:40.787307+00,32,67,275,TERANG
39,2026-04-13 04:40:41.000967+00,31.8,67.8,307,TERANG
40,2026-04-13 04:45:41.458098+00,31.9,67.5,293,TERANG
41,2026-04-13 04:50:41.665638+00,32.4,67.8,247,TERANG
42,2026-04-13 04:55:41.989393+00,31.8,67.4,269,TERANG
43,2026-04-13 05:00:42.274265+00,32,67,271,TERANG
44,2026-04-13 05:05:42.538064+00,32.3,66.5,274,TERANG
45,2026-04-13 05:10:42.698574+00,32.6,65.7,213,TERANG
46,2026-04-13 05:15:42.948765+00,33.2,65.5,189,TERANG
47,2026-04-13 05:20:43.104741+00,33.3,64.3,172,TERANG
48,2026-04-13 05:25:43.263922+00,33.3,63.8,171,TERANG
49,2026-04-13 05:30:43.495976+00,33.1,63.5,173,TERANG
50,2026-04-13 05:35:43.730924+00,33.3,63,157,TERANG
51,2026-04-13 05:40:44.137548+00,33.3,61.7,150,TERANG
52,2026-04-13 05:45:44.959928+00,33.3,64.1,170,TERANG
53,2026-04-13 05:50:45.127694+00,33.6,62.3,99,TERANG
54,2026-04-13 05:55:45.521869+00,33.8,60.8,94,TERANG
55,2026-04-13 06:00:45.869831+00,34.1,60.1,74,TERANG
56,2026-04-13 06:05:46.280726+00,34.2,58.9,62,TERANG
57,2026-04-13 06:10:46.506055+00,34.5,58.9,62,TERANG
58,2026-04-13 06:15:46.688154+00,34.8,57.5,37,TERANG
59,2026-04-13 06:20:46.837336+00,34.6,57,100,TERANG
60,2026-04-13 06:25:47.311533+00,34.8,57.2,22,TERANG
61,2026-04-13 06:30:47.820677+00,35.2,55.1,18,TERANG
62,2026-04-13 06:35:48.03554+00,35.7,54,14,TERANG
63,2026-04-13 06:40:48.331164+00,35.2,52.5,14,TERANG
64,2026-04-13 06:45:50.940389+00,35.6,52.1,13,TERANG
65,2026-04-13 06:50:51.116402+00,35.7,51.5,7,TERANG
66,2026-04-13 06:55:51.817418+00,35.6,50.1,11,TERANG
67,2026-04-13 07:00:54.158573+00,35.7,49.2,12,TERANG
68,2026-04-13 07:05:54.845392+00,36.1,50.3,17,TERANG
69,2026-04-13 07:10:55.033715+00,35.9,50.6,20,TERANG
70,2026-04-13 07:15:55.335245+00,36.2,49.7,22,TERANG
71,2026-04-13 07:20:56.157049+00,36.1,49.7,21,TERANG
72,2026-04-13 07:25:56.737475+00,36.4,49.8,22,TERANG
73,2026-04-13 07:30:57.312366+00,36.4,49.6,13,TERANG
74,2026-04-13 07:35:57.649288+00,37.9,46.6,0,TERANG
75,2026-04-13 07:40:57.958423+00,43.3,36.2,0,TERANG
76,2026-04-13 07:45:58.273436+00,44.3,33.8,0,TERANG
77,2026-04-13 07:50:58.62786+00,44.1,33.8,0,TERANG
78,2026-04-13 07:55:59.010379+00,44.5,32.5,0,TERANG
79,2026-04-13 08:00:59.310139+00,45,31.7,0,TERANG
80,2026-04-13 08:05:59.703866+00,45.5,30.8,0,TERANG
81,2026-04-13 08:11:01.790543+00,45.4,30.5,0,TERANG
82,2026-04-13 08:16:02.572332+00,44.9,31.4,0,TERANG
83,2026-04-13 08:21:02.733785+00,45.2,31.3,0,TERANG
84,2026-04-13 08:26:03.100179+00,43.7,33.4,0,TERANG
85,2026-04-13 08:31:03.322619+00,44.6,31.9,0,TERANG
86,2026-04-13 08:36:03.673037+00,44.3,32.6,0,TERANG
87,2026-04-13 08:41:03.894826+00,44,33.6,6,TERANG
88,2026-04-13 08:46:04.207114+00,40.2,39.5,112,TERANG
89,2026-04-13 08:51:04.467516+00,36.5,49.2,95,TERANG
90,2026-04-13 09:01:13.19415+00,41.3,40.1,14,TERANG
91,2026-04-13 09:06:15.094668+00,39.4,43.1,3,TERANG
92,2026-04-13 09:11:15.513573+00,38.5,45.3,40,TERANG
93,2026-04-13 09:16:15.776427+00,39.9,42.8,17,TERANG
94,2026-04-13 09:21:16.008695+00,37,48.6,150,TERANG
95,2026-04-13 09:26:16.343455+00,34.4,55.2,294,TERANG
96,2026-04-13 09:31:16.928097+00,33.7,57.5,317,TERANG
97,2026-04-13 09:36:17.341381+00,33.3,58.8,332,TERANG
98,2026-04-13 09:41:17.765349+00,33.2,59.7,353,TERANG
99,2026-04-13 09:46:17.995167+00,32.9,61.7,363,TERANG
100,2026-04-13 09:51:19.006283+00,33,61.7,380,TERANG
101,2026-04-13 10:01:27.787416+00,32.3,65.9,683,TERANG
102,2026-04-13 10:06:28.213497+00,32,67,726,TERANG
103,2026-04-13 10:11:28.637048+00,31.8,67.3,776,TERANG
104,2026-04-13 10:16:29.922825+00,31.7,67.1,820,TERANG
105,2026-04-13 10:21:30.38814+00,31.3,67.7,915,TERANG
106,2026-04-13 10:26:30.599387+00,31.5,67.7,1157,TERANG
107,2026-04-13 10:31:31.046338+00,31.3,68.2,1518,TERANG
108,2026-04-13 10:36:32.727485+00,31.3,68.5,2017,TERANG
109,2026-04-13 10:41:33.924914+00,31.2,70,2634,GELAP
110,2026-04-13 10:46:34.23469+00,31.2,70.9,3357,GELAP
111,2026-04-13 10:51:34.609001+00,30.6,73.3,4056,GELAP
112,2026-04-13 11:06:43.621675+00,29.6,80,4095,GELAP
113,2026-04-13 11:11:44.027995+00,29.3,80.8,4095,GELAP
114,2026-04-13 11:16:45.016297+00,29.3,82.3,4095,GELAP
115,2026-04-13 11:21:45.33253+00,29.3,82.8,4095,GELAP
116,2026-04-13 11:26:45.976217+00,29.2,83.9,4095,GELAP
117,2026-04-13 11:31:48.905597+00,29,84,4095,GELAP
118,2026-04-13 11:36:49.240676+00,28.9,84.4,4095,GELAP
119,2026-04-13 11:41:49.656392+00,28.9,85.7,4095,GELAP
120,2026-04-13 11:47:07.506235+00,28.9,86.6,4095,GELAP
121,2026-04-13 11:57:12.903207+00,28.9,87.5,4095,GELAP
122,2026-04-13 12:02:20.15659+00,28.9,86.6,4095,GELAP
123,2026-04-13 12:12:24.936039+00,28.7,88,4095,GELAP
124,2026-04-13 12:17:26.146918+00,28.5,88.6,4095,GELAP
125,2026-04-13 12:22:26.788366+00,28.5,89.5,4095,GELAP
126,2026-04-13 12:27:27.641582+00,28.4,90.9,4095,GELAP
127,2026-04-13 12:37:34.631514+00,28,91.9,4095,GELAP
128,2026-04-13 12:52:44.367263+00,28,92.9,4095,GELAP
129,2026-04-13 12:57:45.024369+00,27.9,93.3,4095,GELAP
130,2026-04-13 13:02:46.070601+00,28,93.5,4095,GELAP
131,2026-04-13 13:07:50.249127+00,28,93.4,4095,GELAP
132,2026-04-13 13:12:51.436268+00,28,92.8,4095,GELAP
133,2026-04-13 13:17:51.920482+00,28,92,4095,GELAP
134,2026-04-13 13:22:52.850526+00,28,92,4095,GELAP
135,2026-04-13 13:27:54.026129+00,28,89.7,4095,GELAP
136,2026-04-13 13:32:58.020887+00,28.3,82.5,4095,GELAP
137,2026-04-13 13:37:59.125868+00,28.5,82.1,4095,GELAP
138,2026-04-13 13:43:02.215637+00,28,84.3,4095,GELAP
139,2026-04-13 13:48:02.677107+00,28,84.7,4095,GELAP
140,2026-04-13 13:53:03.755792+00,28,85,4095,GELAP
141,2026-04-13 13:58:04.458911+00,28,84,4095,GELAP
142,2026-04-13 14:03:05.821127+00,28,84.5,4095,GELAP
143,2026-04-13 14:08:06.425665+00,27.7,86.8,4095,GELAP
144,2026-04-13 14:13:06.689582+00,27.6,87.7,4095,GELAP
145,2026-04-13 14:18:07.583376+00,27.6,87.9,4095,GELAP
146,2026-04-13 14:33:29.344848+00,27.8,87,4095,GELAP
147,2026-04-13 14:38:29.840041+00,27.8,86.8,4095,GELAP
148,2026-04-13 14:43:30.622265+00,28,85.7,4095,GELAP
149,2026-04-14 06:09:14.893051+00,35.6,53.9,81,TERANG
150,2026-04-14 06:14:16.980522+00,35.6,53,119,TERANG
151,2026-04-14 06:19:17.558646+00,35.3,53.8,85,TERANG
152,2026-04-14 06:24:18.934644+00,36.4,53.1,49,TERANG
153,2026-04-14 06:29:19.397572+00,36.5,51.1,45,TERANG
154,2026-04-14 06:34:19.794848+00,36.7,52.1,46,TERANG
155,2026-04-14 06:39:20.616241+00,35.7,53.6,121,TERANG
156,2026-04-14 06:44:21.027564+00,36.5,53.4,32,TERANG
157,2026-04-14 06:49:21.267329+00,37.3,51.2,60,TERANG
158,2026-04-14 06:54:21.575482+00,35.7,52.5,143,TERANG
159,2026-04-14 06:59:21.934959+00,36.3,52.4,57,TERANG
160,2026-04-14 07:04:22.079344+00,35.7,52.8,114,TERANG
161,2026-04-14 07:09:22.515391+00,36.6,52,49,TERANG
162,2026-04-14 07:14:22.865505+00,35.7,53.2,210,TERANG
163,2026-04-14 07:19:23.209875+00,35.3,54.2,195,TERANG
164,2026-04-14 07:24:23.700714+00,34.8,55.5,191,TERANG
165,2026-04-14 07:29:24.442756+00,34.4,56.3,205,TERANG
166,2026-04-14 07:34:25.315615+00,35.8,53.4,126,TERANG
167,2026-04-14 07:39:26.466659+00,41.9,41.2,24,TERANG
168,2026-04-14 07:44:30.500743+00,36.7,50.2,307,TERANG
169,2026-04-14 07:49:30.657445+00,34.4,56.5,307,TERANG
170,2026-04-14 07:54:30.934157+00,34.9,55.4,198,TERANG
171,2026-04-14 07:59:31.278888+00,39.2,45.8,90,TERANG
172,2026-04-14 08:04:33.241294+00,35.6,51.7,425,TERANG
173,2026-04-14 08:09:33.743596+00,33.7,57.3,589,TERANG
174,2026-04-14 08:14:39.711695+00,33.3,59.1,690,TERANG
175,2026-04-14 08:19:40.259522+00,33.3,60.1,703,TERANG
176,2026-04-14 08:24:41.213012+00,33.3,59.5,626,TERANG
177,2026-04-14 08:29:41.407744+00,33.4,59,456,TERANG
178,2026-04-14 08:34:43.017125+00,33.4,60.9,420,TERANG
179,2026-04-14 08:39:44.388863+00,32.7,66.6,637,TERANG
180,2026-04-14 08:44:44.809599+00,32.1,68,624,TERANG
181,2026-04-14 08:49:45.044926+00,32.4,67.6,510,TERANG
182,2026-04-14 08:54:45.325163+00,32.7,66.9,649,TERANG
183,2026-04-14 08:59:45.891061+00,32.1,68.3,638,TERANG
184,2026-04-14 09:04:46.214528+00,31.4,72.5,954,TERANG
185,2026-04-14 09:09:46.532395+00,29.6,86.7,1148,TERANG
186,2026-04-14 09:14:48.28862+00,27.4,95.1,1306,TERANG
187,2026-04-14 09:19:48.616376+00,26.1,97.1,1000,TERANG
188,2026-04-14 09:24:49.0551+00,26.3,98,980,TERANG
189,2026-04-14 09:29:56.012226+00,25.2,94.9,1394,TERANG
190,2026-04-14 09:45:03.522654+00,25.6,98,1659,TERANG
191,2026-04-14 09:55:09.180456+00,25.6,98,1873,TERANG
192,2026-04-14 10:00:09.882206+00,25.4,98,1878,TERANG
193,2026-04-14 10:05:10.236609+00,25.6,98,1827,TERANG
194,2026-04-14 10:10:10.451406+00,25.8,98,1919,TERANG
195,2026-04-14 10:15:10.910632+00,25.8,98,2144,TERANG
196,2026-04-14 10:25:14.353774+00,25.8,94.8,2787,GELAP
197,2026-04-14 10:30:14.831582+00,25.8,95.7,3646,GELAP
198,2026-04-14 10:35:15.202184+00,25.8,96,3555,GELAP
199,2026-04-14 10:40:15.454069+00,25.8,96.3,4048,GELAP
200,2026-04-14 10:45:17.213069+00,25.8,97.4,4095,GELAP
201,2026-04-14 10:50:17.575275+00,25.8,96.7,4095,GELAP
202,2026-04-14 10:55:18.059489+00,25.8,96.9,4095,GELAP
203,2026-04-14 11:00:20.212085+00,25.8,97.8,4095,GELAP
204,2026-04-14 11:05:21.891759+00,25.9,96.4,4095,GELAP
205,2026-04-14 11:10:22.540647+00,25.8,96.6,4095,GELAP
206,2026-04-14 11:15:22.87604+00,25.8,97.9,4095,GELAP
207,2026-04-14 11:20:23.246289+00,25.8,98,4095,GELAP
208,2026-04-14 11:25:23.584512+00,25.8,98,4095,GELAP
209,2026-04-14 11:30:23.81567+00,25.8,98,4093,GELAP
210,2026-04-14 11:35:24.162594+00,25.9,98,4095,GELAP
211,2026-04-14 11:40:24.459145+00,25.8,98,4095,GELAP
212,2026-04-14 11:45:24.679356+00,25.8,98,4095,GELAP
213,2026-04-14 11:50:24.920228+00,25.8,98,4095,GELAP
214,2026-04-14 11:55:25.986336+00,25.8,98,4095,GELAP
215,2026-04-14 12:00:34.010478+00,26.1,98,4095,GELAP
216,2026-04-14 12:05:35.042387+00,26.1,98,4095,GELAP
217,2026-04-14 12:15:39.629706+00,26.6,97.4,4095,GELAP
218,2026-04-14 12:20:43.033214+00,26.7,96.2,4095,GELAP
219,2026-04-14 12:25:43.583233+00,26.3,97.7,4095,GELAP
220,2026-04-14 12:30:44.81224+00,26.2,98,4095,GELAP
221,2026-04-14 12:35:52.931612+00,26.2,98,4095,GELAP
222,2026-04-14 12:40:53.297374+00,26.2,98,4095,GELAP
223,2026-04-14 12:45:53.588431+00,26.2,98,4095,GELAP
224,2026-04-14 12:50:54.91052+00,26.2,98,4095,GELAP
225,2026-04-14 12:55:55.306981+00,26.2,98,4095,GELAP
226,2026-04-14 13:00:55.560633+00,26.2,98,4095,GELAP
227,2026-04-14 13:05:55.995276+00,26.2,98,4095,GELAP
228,2026-04-14 13:10:56.453339+00,26.2,98,4095,GELAP
229,2026-04-14 13:15:58.185332+00,26.2,98,4095,GELAP
230,2026-04-14 13:20:58.472068+00,26.2,98,4095,GELAP
231,2026-04-14 13:26:00.57584+00,26.5,98,4095,GELAP
232,2026-04-14 13:31:01.038357+00,26,98,4095,GELAP
233,2026-04-14 13:36:01.981272+00,25.3,98,4095,GELAP
234,2026-04-14 13:41:02.340788+00,25.3,98,4095,GELAP
235,2026-04-14 13:46:06.124537+00,25.6,98,4095,GELAP
236,2026-04-14 13:51:06.751078+00,25.6,98,4095,GELAP
237,2026-04-14 13:56:07.252607+00,25.5,98,4095,GELAP
238,2026-04-14 14:01:07.628796+00,25.7,98,4088,GELAP
239,2026-04-14 14:06:07.872007+00,25.4,98,4095,GELAP
240,2026-04-14 14:11:08.043983+00,25.4,97.7,4095,GELAP
241,2026-04-14 14:16:08.363554+00,25,98,4095,GELAP
242,2026-04-14 14:21:09.720976+00,25.3,98,4095,GELAP
243,2026-04-14 14:26:10.063092+00,25,98,4095,GELAP
244,2026-04-14 14:31:12.176105+00,25.2,98,4095,GELAP
245,2026-04-14 14:36:13.478187+00,25.1,98,4095,GELAP
246,2026-04-14 14:41:13.754311+00,24.8,98,4095,GELAP
247,2026-04-14 14:46:14.289272+00,24.8,98,4095,GELAP
248,2026-04-14 14:51:14.568003+00,24.7,98,4095,GELAP
249,2026-04-14 14:56:15.954588+00,24.7,98,4095,GELAP
250,2026-04-14 15:01:18.278437+00,24.8,98,4095,GELAP
251,2026-04-14 15:06:18.819054+00,24.7,98,4095,GELAP
252,2026-04-14 15:11:21.152066+00,24.5,98,4095,GELAP
253,2026-04-14 15:16:21.432288+00,24.5,98,4095,GELAP
254,2026-04-14 15:21:21.662673+00,24.5,98,4095,GELAP
255,2026-04-14 15:26:23.962603+00,24.5,98,4095,GELAP
256,2026-04-14 15:31:24.442252+00,24.5,98,4095,GELAP
257,2026-04-14 15:36:27.520494+00,24.5,98,4095,GELAP
258,2026-04-14 15:41:29.110699+00,24.5,98,4095,GELAP
259,2026-04-14 15:46:31.627962+00,24.5,98,4095,GELAP
260,2026-04-14 15:51:31.833365+00,24.5,98,4095,GELAP
261,2026-04-14 15:56:32.409462+00,24.5,98,4095,GELAP
262,2026-04-14 16:01:35.071468+00,24.5,98,4095,GELAP
263,2026-04-14 16:06:40.910033+00,24.5,98,4095,GELAP
264,2026-04-14 16:11:41.071998+00,24.7,98,4095,GELAP
265,2026-04-14 16:16:41.862837+00,24.7,98,4095,GELAP
266,2026-04-14 16:21:42.18939+00,24.7,98,4095,GELAP
267,2026-04-14 16:26:43.92367+00,24.8,98,4095,GELAP
268,2026-04-14 16:31:44.707845+00,24.8,98,4095,GELAP
269,2026-04-14 16:36:44.924226+00,24.8,98,4095,GELAP
270,2026-04-14 16:41:45.135689+00,24.8,98,4095,GELAP
271,2026-04-14 16:46:45.520562+00,24.8,98,4095,GELAP
272,2026-04-14 16:51:47.24983+00,24.8,98,4095,GELAP
273,2026-04-14 16:56:48.95465+00,24.6,98,4095,GELAP
274,2026-04-14 17:01:49.11655+00,24.5,98,4095,GELAP
275,2026-04-14 17:06:49.383038+00,24.5,98,4095,GELAP
276,2026-04-14 17:11:49.618311+00,24.7,98,4095,GELAP
277,2026-04-14 17:16:49.98047+00,24.8,98,4095,GELAP
278,2026-04-14 17:21:50.456577+00,24.5,98,4095,GELAP
279,2026-04-14 17:26:50.793459+00,24.5,98,4095,GELAP
280,2026-04-14 17:31:51.230118+00,24.5,98,4095,GELAP
281,2026-04-14 17:36:51.43219+00,24.5,98,4095,GELAP
282,2026-04-14 17:41:51.551126+00,24.5,98,4095,GELAP
283,2026-04-14 17:46:51.871234+00,24.5,98,4095,GELAP
284,2026-04-14 17:51:52.036534+00,24.5,98,4095,GELAP
285,2026-04-14 17:56:52.278112+00,24.5,98,4095,GELAP
286,2026-04-14 18:01:52.632524+00,24.5,98,4095,GELAP
287,2026-04-14 18:06:52.953451+00,24.5,98,4095,GELAP
288,2026-04-14 18:11:53.091479+00,24.5,98,4095,GELAP
289,2026-04-14 18:16:53.382875+00,24.5,98,4095,GELAP
290,2026-04-14 18:21:55.403843+00,24.5,98,4095,GELAP
291,2026-04-14 18:27:05.332542+00,24.5,98,4095,GELAP
292,2026-04-14 18:32:05.574299+00,24.5,98,4095,GELAP
293,2026-04-14 18:37:11.229623+00,24.5,98,4095,GELAP
294,2026-04-14 18:47:22.702449+00,24.5,98,4095,GELAP
295,2026-04-14 18:52:23.037054+00,24.5,98,4095,GELAP
296,2026-04-14 18:57:24.074737+00,24.5,98,4095,GELAP
297,2026-04-14 19:02:24.566561+00,24.5,98,4095,GELAP
298,2026-04-14 19:07:25.927192+00,24.5,98,4095,GELAP
299,2026-04-14 19:12:26.411822+00,24.5,98,4095,GELAP
300,2026-04-14 19:17:26.889115+00,24.5,98,4095,GELAP
301,2026-04-14 19:22:27.104265+00,24.5,98,4095,GELAP
302,2026-04-14 19:27:27.737854+00,24.5,98,4095,GELAP
303,2026-04-14 19:32:28.724157+00,24.5,98,4095,GELAP
304,2026-04-14 19:42:34.18575+00,24.5,98,4095,GELAP
305,2026-04-14 19:47:34.458623+00,24.5,98,4095,GELAP
306,2026-04-14 19:57:41.279146+00,24.5,98,4095,GELAP
307,2026-04-14 20:02:41.694548+00,24.5,98,4095,GELAP
308,2026-04-14 20:07:43.910841+00,24.5,98,4095,GELAP
309,2026-04-14 20:12:44.27587+00,24.5,98,4095,GELAP
310,2026-04-14 20:17:44.63531+00,24.5,98,4095,GELAP
311,2026-04-14 20:22:45.89717+00,24.5,98,4095,GELAP
312,2026-04-14 20:27:46.17567+00,24.6,98,4095,GELAP
313,2026-04-14 20:32:46.409435+00,24.6,98,4095,GELAP
314,2026-04-14 20:37:46.644996+00,24.5,98,4095,GELAP
315,2026-04-14 20:42:46.936294+00,24.6,98,4095,GELAP
316,2026-04-14 20:47:47.397932+00,24.5,98,4095,GELAP
317,2026-04-14 20:52:47.836666+00,24.5,98,4095,GELAP
318,2026-04-14 20:57:48.080616+00,24.5,98,4095,GELAP
319,2026-04-14 21:02:48.557233+00,24.5,98,4095,GELAP
320,2026-04-14 21:07:48.892347+00,24.5,98,4095,GELAP
321,2026-04-14 21:12:49.173098+00,24.5,98,4095,GELAP
322,2026-04-14 21:17:50.276046+00,24.5,98,4095,GELAP
323,2026-04-14 21:22:50.721994+00,24.5,98,4095,GELAP
324,2026-04-14 21:27:50.965684+00,24.5,98,4095,GELAP
325,2026-04-14 21:32:51.272478+00,24.5,98,4095,GELAP
326,2026-04-14 21:37:51.463178+00,24.5,98,4095,GELAP
327,2026-04-14 21:42:52.594305+00,24.5,98,4095,GELAP
328,2026-04-14 21:47:52.90288+00,24.5,98,4095,GELAP
329,2026-04-14 21:52:53.290244+00,24.5,98,4095,GELAP
330,2026-04-14 21:57:53.676198+00,24.3,98,4095,GELAP
331,2026-04-14 22:02:56.320268+00,24.1,98,4095,GELAP
332,2026-04-14 22:07:56.674572+00,24.4,98,4095,GELAP
333,2026-04-14 22:12:56.797042+00,24.1,98,4095,GELAP
334,2026-04-14 22:17:57.208579+00,24.1,98,4095,GELAP
335,2026-04-14 22:22:57.785725+00,24.1,98,4095,GELAP
336,2026-04-14 22:27:58.223978+00,24.1,98,4095,GELAP
337,2026-04-14 22:32:58.480831+00,24.1,98,4095,GELAP
338,2026-04-14 22:37:58.82281+00,24.3,98,4082,GELAP
339,2026-04-14 22:42:59.690514+00,24.5,98,3215,GELAP
340,2026-04-14 22:47:59.815328+00,24.6,98,2393,TERANG
341,2026-04-14 22:53:00.271515+00,24.6,98,1881,TERANG
342,2026-04-14 22:58:09.451094+00,24.8,98,1647,TERANG
343,2026-04-14 23:03:09.716152+00,24.8,98,1465,TERANG
344,2026-04-14 23:08:10.132393+00,25.1,98,1172,TERANG
345,2026-04-14 23:13:10.817376+00,25.3,97.7,983,TERANG
346,2026-04-14 23:24:42.165966+00,25.7,95.5,796,TERANG
347,2026-04-14 23:29:42.410338+00,25.8,94,722,TERANG
348,2026-04-14 23:34:42.680437+00,26,94,668,TERANG
349,2026-04-14 23:39:42.961262+00,26.2,93.1,601,TERANG
350,2026-04-14 23:44:43.244299+00,26.3,92.4,544,TERANG
351,2026-04-14 23:49:43.472623+00,26.7,90.4,497,TERANG
352,2026-04-14 23:54:44.004918+00,26.7,91.5,480,TERANG
353,2026-04-14 23:59:44.635469+00,26.7,91.9,444,TERANG
354,2026-04-15 00:04:44.995689+00,26.8,90.7,394,TERANG
355,2026-04-15 00:09:45.341151+00,27.1,90.2,418,TERANG
356,2026-04-15 00:14:45.619123+00,27.1,90.1,487,TERANG
357,2026-04-15 00:19:45.872699+00,27.1,90.4,485,TERANG
358,2026-04-15 00:24:46.181707+00,27.1,91.9,473,TERANG
359,2026-04-15 00:29:46.452316+00,27.1,90.1,473,TERANG
360,2026-04-15 00:34:47.024047+00,27.1,89.4,426,TERANG
361,2026-04-15 00:39:47.278167+00,27.2,89.1,355,TERANG
362,2026-04-15 00:44:47.592864+00,27.6,88.5,340,TERANG
363,2026-04-15 00:49:47.711582+00,27.6,88.6,335,TERANG
364,2026-04-15 00:54:48.126301+00,27.7,87.4,326,TERANG
365,2026-04-15 00:59:48.362245+00,27.6,87.2,342,TERANG
366,2026-04-15 01:04:48.757182+00,28,87.1,406,TERANG
367,2026-04-15 01:09:49.115364+00,27.6,88.3,442,TERANG
368,2026-04-15 01:19:54.574521+00,27.6,85.5,421,TERANG
369,2026-04-15 01:24:54.924908+00,27.6,86,404,TERANG
370,2026-04-15 01:29:55.291141+00,27.7,84.6,381,TERANG
371,2026-04-15 01:34:55.755986+00,28,83,359,TERANG
372,2026-04-15 01:39:56.102318+00,28,81.1,338,TERANG
373,2026-04-15 01:44:56.476842+00,28.2,80.6,326,TERANG
374,2026-04-15 01:49:56.676877+00,28.4,80,325,TERANG
375,2026-04-15 01:55:05.858893+00,28.5,80.5,303,TERANG
376,2026-04-15 02:15:19.553029+00,29.3,76,347,TERANG
377,2026-04-15 02:25:28.301681+00,29.5,74.8,339,TERANG
378,2026-04-15 02:30:28.702901+00,29.8,73.2,333,TERANG
379,2026-04-15 02:35:29.273014+00,30,72,349,TERANG
380,2026-04-15 02:40:29.567693+00,30,72.7,359,TERANG
381,2026-04-15 02:45:30.418155+00,30.2,71.7,339,TERANG
382,2026-04-15 02:50:30.832803+00,30.4,70.7,311,TERANG
383,2026-04-15 02:55:31.239128+00,30.4,70.4,329,TERANG
384,2026-04-15 03:00:31.975248+00,30.8,69.5,294,TERANG
385,2026-04-15 03:05:32.523767+00,30.8,69.2,296,TERANG
386,2026-04-15 03:10:33.374695+00,31,69.7,241,TERANG
387,2026-04-15 03:15:34.172958+00,31.5,69.6,223,TERANG
388,2026-04-15 03:20:34.814416+00,31.8,68.5,228,TERANG
389,2026-04-15 03:25:35.342049+00,31.8,67.5,226,TERANG
390,2026-04-15 03:30:35.651914+00,31.8,68.2,233,TERANG
391,2026-04-15 03:35:35.992283+00,31.2,67.4,230,TERANG
392,2026-04-15 03:40:36.286034+00,31.6,67.4,221,TERANG
393,2026-04-15 03:45:36.736221+00,31.3,67.1,243,TERANG
394,2026-04-15 03:50:36.951132+00,31.3,67.9,242,TERANG
395,2026-04-15 03:55:37.313757+00,31.4,67.1,268,TERANG
396,2026-04-15 04:00:37.559428+00,30.8,65.9,285,TERANG
397,2026-04-15 04:05:38.113892+00,31.1,66.8,254,TERANG
398,2026-04-15 04:10:38.41227+00,31.8,66.5,254,TERANG
399,2026-04-15 04:15:38.805367+00,31.8,65.4,258,TERANG
400,2026-04-15 04:20:39.013401+00,31.8,63.8,258,TERANG
401,2026-04-15 04:30:49.932024+00,32.3,64.7,242,TERANG
402,2026-04-15 04:35:50.186435+00,31.9,63.9,235,TERANG
403,2026-04-15 04:40:50.407157+00,32,64.9,224,TERANG
404,2026-04-15 04:45:50.689701+00,32.4,65.6,215,TERANG
405,2026-04-15 04:50:50.980318+00,32.4,65.5,204,TERANG
406,2026-04-15 04:55:51.326206+00,32.6,64.7,199,TERANG
407,2026-04-15 05:00:51.686337+00,32.8,64.6,182,TERANG
408,2026-04-15 05:05:51.838136+00,32.7,63.7,196,TERANG
409,2026-04-15 05:10:52.030612+00,32.9,64.6,182,TERANG
410,2026-04-15 05:15:52.309175+00,33.2,61,173,TERANG
411,2026-04-15 05:20:52.590578+00,33.3,61,167,TERANG
412,2026-04-15 05:25:52.977533+00,33.4,60.7,152,TERANG
413,2026-04-15 05:30:53.238815+00,33.7,60.3,134,TERANG
414,2026-04-15 05:35:53.691694+00,33.8,59.6,122,TERANG
415,2026-04-15 05:40:54.196997+00,33.6,60.4,111,TERANG
416,2026-04-15 05:45:54.44367+00,34.2,59.5,94,TERANG
417,2026-04-15 05:50:54.75409+00,34.7,58.9,83,TERANG
418,2026-04-15 06:01:09.292424+00,34.7,58.1,55,TERANG
419,2026-04-15 06:06:09.87491+00,34.8,57.4,44,TERANG
420,2026-04-15 06:11:10.147062+00,34.9,55.9,32,TERANG
421,2026-04-15 06:16:10.556278+00,35.1,55.2,28,TERANG
422,2026-04-15 06:21:11.0918+00,35.3,54.4,14,TERANG
423,2026-04-15 06:26:11.361325+00,35.2,55.1,31,TERANG
424,2026-04-15 06:31:11.648496+00,35.4,54.5,3,TERANG
425,2026-04-15 06:36:12.388965+00,34.9,55.9,48,TERANG
426,2026-04-15 06:41:13.017309+00,35.7,54.6,0,TERANG
427,2026-04-15 06:46:13.617819+00,35.3,55.4,111,TERANG
428,2026-04-15 06:51:13.944121+00,33.9,59,137,TERANG
429,2026-04-15 06:56:14.344576+00,35.1,54.8,0,TERANG
430,2026-04-15 07:01:14.727901+00,35.4,52.9,0,TERANG
431,2026-04-15 07:06:15.191289+00,35.9,52,0,TERANG
432,2026-04-15 07:11:15.519364+00,36.2,51.1,0,TERANG
433,2026-04-15 07:21:20.841701+00,36.2,52.1,0,TERANG
434,2026-04-15 07:26:21.227595+00,36.7,50.1,0,TERANG
435,2026-04-15 07:31:21.755029+00,39.7,44.3,0,TERANG
436,2026-04-15 07:36:22.105266+00,46.5,31.3,0,TERANG
437,2026-04-15 07:41:22.555223+00,41.8,38.8,113,TERANG
438,2026-04-15 07:46:23.630043+00,41.8,40.8,61,TERANG
439,2026-04-15 07:51:31.185715+00,35.4,53,214,TERANG
440,2026-04-15 07:56:31.524024+00,33.9,58.3,246,TERANG
441,2026-04-15 08:01:31.975977+00,36.2,54.1,87,TERANG
442,2026-04-15 08:06:32.261367+00,44.4,35.8,0,TERANG
443,2026-04-15 08:11:34.916387+00,45.9,30.9,0,TERANG
444,2026-04-15 08:16:35.254795+00,44.8,31.4,9,TERANG
445,2026-04-15 08:26:41.018405+00,45.8,30.1,0,TERANG
446,2026-04-15 08:31:41.423502+00,43.8,33.3,79,TERANG
447,2026-04-15 08:36:42.016789+00,38.7,43.6,85,TERANG
448,2026-04-15 08:41:42.297851+00,41.9,37.4,18,TERANG
449,2026-04-15 08:46:42.688637+00,39.4,40,122,TERANG
450,2026-04-15 08:51:42.893765+00,35,49.6,194,TERANG
451,2026-04-15 08:56:44.280406+00,34,53.5,271,TERANG
452,2026-04-15 09:01:46.817165+00,33.3,58.9,355,TERANG
453,2026-04-15 09:11:52.688615+00,34.3,61.9,195,TERANG
454,2026-04-15 09:16:53.060407+00,33,66.2,243,TERANG
455,2026-04-15 09:21:54.743918+00,32.8,68,224,TERANG
456,2026-04-15 09:26:55.952136+00,33,66.9,180,TERANG
457,2026-04-15 09:37:12.223559+00,33.8,64.6,224,TERANG
458,2026-04-15 09:47:25.641467+00,31.7,70,415,TERANG
459,2026-04-15 09:52:27.093524+00,31.2,70.5,538,TERANG
460,2026-04-15 09:57:28.750788+00,31,70,584,TERANG
461,2026-04-15 10:02:38.133514+00,31,70.7,577,TERANG
462,2026-04-15 10:12:43.971175+00,30.6,71.9,1046,TERANG
463,2026-04-15 10:17:45.359009+00,30.2,72.1,1360,TERANG
464,2026-04-15 10:22:48.856652+00,30.2,73.2,1617,TERANG
465,2026-04-15 10:27:49.159253+00,29.9,74.8,2018,TERANG
466,2026-04-15 10:32:49.632523+00,29.8,75.7,2619,GELAP
467,2026-04-15 10:37:49.934825+00,29.8,75.6,3440,GELAP
468,2026-04-15 10:42:52.381851+00,29.6,77,4071,GELAP
469,2026-04-15 10:47:53.53959+00,29.8,78.8,4095,GELAP
470,2026-04-15 10:52:55.785476+00,29.5,76.6,4095,GELAP
471,2026-04-15 10:57:56.678481+00,29.3,78.5,4095,GELAP
472,2026-04-15 11:02:57.539579+00,29.3,79.2,4095,GELAP
473,2026-04-15 11:07:59.437477+00,29.3,79.4,4095,GELAP
474,2026-04-15 11:13:01.530008+00,29.2,80.1,4095,GELAP
475,2026-04-15 11:18:02.231164+00,28.9,80.4,4095,GELAP
476,2026-04-15 11:23:02.498018+00,28.9,81.6,4095,GELAP
477,2026-04-15 11:28:02.800488+00,28.9,82.3,4095,GELAP
478,2026-04-15 11:33:03.443193+00,28.9,82.9,4095,GELAP
479,2026-04-15 11:38:03.653055+00,28.9,84.2,4095,GELAP
480,2026-04-15 11:43:04.002484+00,28.5,84.3,4095,GELAP
481,2026-04-15 11:53:08.613344+00,28.5,86.3,4095,GELAP
482,2026-04-15 11:58:10.394177+00,28.5,87.2,4095,GELAP
483,2026-04-15 12:03:10.774709+00,28.4,88.3,4095,GELAP
484,2026-04-15 12:08:11.028252+00,28.1,88.4,4095,GELAP
485,2026-04-15 12:13:13.680111+00,28.3,88.4,4095,GELAP
486,2026-04-15 12:18:14.321577+00,28.3,88.1,4095,GELAP
487,2026-04-15 12:23:14.639829+00,28,89.1,4090,GELAP
488,2026-04-15 12:28:19.165846+00,28.2,88.1,4095,GELAP
489,2026-04-15 12:43:30.862285+00,28,87.1,4095,GELAP
490,2026-04-15 12:48:32.334612+00,28,87.6,4095,GELAP
491,2026-04-15 12:53:33.346303+00,28,87.7,4095,GELAP
492,2026-04-15 12:58:36.630988+00,28,88,4095,GELAP
493,2026-04-15 13:03:37.070025+00,28,87.4,4095,GELAP
494,2026-04-15 13:08:37.916396+00,28,87.6,4095,GELAP
495,2026-04-15 13:13:39.254575+00,28,88,4095,GELAP
496,2026-04-15 13:18:41.298061+00,27.7,87.9,4095,GELAP
497,2026-04-15 13:23:41.70745+00,27.6,88.6,4095,GELAP
498,2026-04-15 13:28:44.127288+00,27.6,89,4095,GELAP
499,2026-04-15 13:33:44.778807+00,27.6,89,4095,GELAP
500,2026-04-15 13:38:45.068646+00,27.6,88.8,4095,GELAP
501,2026-04-15 13:43:46.319521+00,27.6,88.7,4095,GELAP
502,2026-04-15 13:48:46.712852+00,27.6,88.3,4095,GELAP
503,2026-04-15 13:53:46.997645+00,27.6,86.5,4095,GELAP
504,2026-04-15 13:58:47.273732+00,27.7,87.7,4095,GELAP
505,2026-04-15 14:03:47.700369+00,28,86.2,4095,GELAP
506,2026-04-15 14:08:47.876086+00,27.7,88.6,4095,GELAP
507,2026-04-15 14:13:48.62631+00,27.6,88.9,4095,GELAP
508,2026-04-15 14:18:48.937802+00,27.8,86.4,4095,GELAP
509,2026-04-15 14:23:49.212248+00,27.3,87.7,4095,GELAP
510,2026-04-15 14:28:49.592232+00,27.1,89.6,4095,GELAP
511,2026-04-15 14:33:49.922387+00,27.1,88.5,4095,GELAP
512,2026-04-15 14:49:03.516836+00,26.2,85.6,4095,GELAP
513,2026-04-15 14:54:03.990877+00,25.9,87.1,4095,GELAP
514,2026-04-15 14:59:04.862854+00,25.8,88.1,4095,GELAP
515,2026-04-15 15:04:06.449265+00,25.7,91.5,4095,GELAP
516,2026-04-15 15:09:07.104137+00,25.3,95.7,4095,GELAP
517,2026-04-15 15:14:07.414175+00,25.3,97.8,4095,GELAP
518,2026-04-15 15:19:07.633719+00,25.5,98,4095,GELAP
519,2026-04-15 15:24:07.862729+00,25.3,98,4095,GELAP
520,2026-04-15 15:29:09.137191+00,25.5,98,4095,GELAP
521,2026-04-15 15:34:09.57348+00,25.3,98,4095,GELAP
522,2026-04-15 15:39:09.789513+00,25.8,97.5,4095,GELAP
523,2026-04-15 15:44:10.411416+00,25.8,98,4095,GELAP
524,2026-04-15 15:49:10.604127+00,25.8,98,4095,GELAP
525,2026-04-15 15:54:11.0691+00,25.8,98,4095,GELAP
526,2026-04-15 15:59:11.348112+00,25.6,98,4095,GELAP
527,2026-04-15 16:04:11.489116+00,25.8,98,4095,GELAP
528,2026-04-15 16:09:11.801354+00,25.8,98,4095,GELAP
529,2026-04-15 16:14:12.171412+00,25.8,98,4095,GELAP
530,2026-04-15 16:19:12.36487+00,25.8,98,4095,GELAP
531,2026-04-15 16:24:12.632269+00,25.8,98,4095,GELAP
532,2026-04-15 16:29:12.841308+00,25.8,98,4095,GELAP
533,2026-04-15 16:34:13.153544+00,25.8,98,4095,GELAP
534,2026-04-15 16:39:13.366329+00,25.9,98,4095,GELAP
535,2026-04-15 16:44:13.734515+00,25.8,98,4095,GELAP
536,2026-04-15 16:49:13.927411+00,26,98,4095,GELAP
537,2026-04-15 16:54:14.11573+00,26.2,98,4095,GELAP
538,2026-04-15 17:09:22.580153+00,26.2,98,4095,GELAP
539,2026-04-15 17:14:23.802517+00,26.2,98,4095,GELAP
540,2026-04-15 17:19:24.074731+00,26.1,98,4095,GELAP
541,2026-04-15 17:24:24.332721+00,25.8,98,4095,GELAP
542,2026-04-15 17:29:24.569165+00,25.8,98,4095,GELAP
543,2026-04-15 17:34:24.804355+00,25.8,98,4095,GELAP
544,2026-04-15 17:39:25.171954+00,25.8,98,4095,GELAP
545,2026-04-15 17:44:25.415891+00,25.8,98,4095,GELAP
546,2026-04-15 17:49:25.762296+00,25.8,98,4095,GELAP
547,2026-04-15 17:54:26.153688+00,25.8,98,4095,GELAP
548,2026-04-15 17:59:26.418411+00,25.8,98,4095,GELAP
549,2026-04-15 18:04:26.791544+00,25.8,98,4095,GELAP
550,2026-04-15 18:09:27.594886+00,25.8,98,4095,GELAP
551,2026-04-15 18:14:33.756085+00,25.8,98,4095,GELAP
552,2026-04-15 18:19:33.915461+00,25.8,98,4095,GELAP
553,2026-04-15 18:24:34.232845+00,25.8,98,4095,GELAP
554,2026-04-15 18:34:50.852328+00,25.8,98,4095,GELAP
555,2026-04-15 18:39:51.120064+00,25.8,98,4095,GELAP
556,2026-04-15 18:44:51.391839+00,25.8,98,4095,GELAP
557,2026-04-15 18:49:52.184355+00,25.8,98,4095,GELAP
558,2026-04-15 18:54:52.463153+00,25.8,98,4095,GELAP
559,2026-04-15 18:59:52.738287+00,25.8,98,4095,GELAP
560,2026-04-15 19:04:53.211535+00,25.8,98,4095,GELAP
561,2026-04-15 19:09:54.39528+00,25.8,98,4095,GELAP
562,2026-04-15 19:14:55.025813+00,25.8,98,4095,GELAP
563,2026-04-15 19:19:55.220426+00,25.8,98,4095,GELAP
564,2026-04-15 19:25:04.92612+00,25.8,98,4095,GELAP
565,2026-04-15 19:30:05.175486+00,25.8,98,4095,GELAP
566,2026-04-15 19:35:05.475666+00,25.8,98,4095,GELAP
567,2026-04-15 19:40:05.837879+00,25.5,98,4095,GELAP
568,2026-04-15 19:45:06.250956+00,25.3,98,4095,GELAP
569,2026-04-15 19:50:06.496353+00,25.5,98,4095,GELAP
570,2026-04-15 19:55:06.787565+00,25.5,98,4095,GELAP
571,2026-04-15 20:00:06.968114+00,25.3,98,4095,GELAP
572,2026-04-15 20:05:07.28352+00,25.6,98,4095,GELAP
573,2026-04-15 20:10:07.598461+00,25.8,97.9,4095,GELAP
574,2026-04-15 20:15:07.951497+00,25.8,97.3,4095,GELAP
575,2026-04-15 20:20:08.130132+00,25.8,97.2,4095,GELAP
576,2026-04-15 20:25:08.372858+00,25.8,98,4095,GELAP
577,2026-04-15 20:40:39.796271+00,25.6,97.1,4095,GELAP
578,2026-04-15 20:45:40.248781+00,25.3,98,4095,GELAP
579,2026-04-15 20:50:49.644124+00,25.3,98,4095,GELAP
580,2026-04-15 20:55:51.077015+00,25.3,97.9,4095,GELAP
581,2026-04-15 21:00:52.900594+00,25.3,98,4095,GELAP
582,2026-04-15 21:06:02.298703+00,25.3,98,4095,GELAP
583,2026-04-15 21:16:11.702228+00,25.2,98,4095,GELAP
584,2026-04-15 21:21:17.789824+00,24.8,98,4095,GELAP
585,2026-04-15 21:26:18.343494+00,24.8,98,4095,GELAP
586,2026-04-15 21:46:31.065831+00,25.3,98,4095,GELAP
587,2026-04-15 21:51:32.374115+00,25.3,98,4095,GELAP
588,2026-04-15 21:56:32.818315+00,25.3,98,4095,GELAP
589,2026-04-15 22:01:33.086385+00,25.3,98,4095,GELAP
590,2026-04-15 22:06:33.536555+00,25.3,98,4095,GELAP
591,2026-04-15 22:11:33.773901+00,25.1,98,4095,GELAP
592,2026-04-15 22:16:34.202917+00,24.8,98,4095,GELAP
593,2026-04-15 22:21:34.755044+00,24.8,98,4095,GELAP
594,2026-04-15 22:26:34.981528+00,24.8,98,4095,GELAP
595,2026-04-15 22:31:35.203683+00,25.2,98,4095,GELAP
596,2026-04-15 22:41:46.476557+00,25.3,98,3316,GELAP
597,2026-04-15 22:46:46.832089+00,25.3,97.5,2454,GELAP
598,2026-04-15 22:51:47.398145+00,25.3,96.2,1961,TERANG
599,2026-04-15 22:56:47.599622+00,25.3,95.3,1635,TERANG
600,2026-04-15 23:01:48.079822+00,25.3,96,1407,TERANG
601,2026-04-15 23:06:49.116096+00,25.5,95.4,1246,TERANG
602,2026-04-15 23:11:49.708194+00,25.8,93.6,1115,TERANG
603,2026-04-15 23:16:50.106794+00,25.8,93.3,1015,TERANG
604,2026-04-15 23:21:51.631818+00,25.8,93,942,TERANG
605,2026-04-15 23:26:52.052762+00,25.9,92.9,875,TERANG
606,2026-04-15 23:31:52.305997+00,26.2,92.1,832,TERANG
607,2026-04-15 23:36:52.83129+00,26.2,92.2,805,TERANG
608,2026-04-15 23:47:01.098746+00,26.4,92,727,TERANG
609,2026-04-16 00:02:11.864544+00,27,91.2,623,TERANG
610,2026-04-16 00:07:12.390483+00,27.1,89.6,618,TERANG
611,2026-04-16 00:12:12.852226+00,27.4,89.4,607,TERANG
612,2026-04-16 00:17:13.079121+00,27.6,89,593,TERANG
613,2026-04-16 00:22:13.333425+00,27.6,89,582,TERANG
614,2026-04-16 00:44:45.666848+00,28.2,85.1,529,TERANG
615,2026-04-16 00:49:49.224822+00,28.1,84,517,TERANG
616,2026-04-16 00:54:55.461583+00,28.5,83.2,505,TERANG
617,2026-04-16 01:05:07.263314+00,28.7,80.3,491,TERANG
618,2026-04-16 01:15:12.85166+00,28.9,80,480,TERANG
619,2026-04-16 01:20:14.164962+00,29,79.5,467,TERANG
620,2026-04-16 01:25:15.762597+00,29.1,77.8,462,TERANG
621,2026-04-16 01:30:17.971085+00,29.3,77.1,457,TERANG
622,2026-04-16 01:45:47.987406+00,29.3,76.3,424,TERANG
623,2026-04-16 01:50:48.426029+00,29.7,76.2,416,TERANG
624,2026-04-16 01:55:48.919+00,29.3,75.9,417,TERANG
625,2026-04-16 02:00:49.902314+00,29.6,75.9,397,TERANG
626,2026-04-16 02:05:50.195419+00,29.8,75.2,396,TERANG
627,2026-04-16 02:10:50.472993+00,30,73,396,TERANG
628,2026-04-16 02:15:51.163411+00,30.2,72.6,395,TERANG
629,2026-04-16 02:20:51.639832+00,30.2,72.2,405,TERANG
630,2026-04-16 02:25:52.278235+00,30.3,72.6,326,TERANG
631,2026-04-16 02:30:52.713448+00,30.9,71.1,358,TERANG
632,2026-04-16 02:35:53.25019+00,31.2,71,339,TERANG
633,2026-04-16 02:40:53.548405+00,31.1,70.4,329,TERANG
634,2026-04-16 02:45:53.989404+00,31.2,70.8,348,TERANG
635,2026-04-16 02:50:54.358371+00,31.3,70.9,360,TERANG
636,2026-04-16 02:56:05.93761+00,31.2,70.7,356,TERANG
637,2026-04-16 03:01:06.271775+00,31.3,70.4,341,TERANG
638,2026-04-16 03:06:06.781156+00,31.3,70,328,TERANG
639,2026-04-16 03:11:07.325047+00,31.4,70.7,327,TERANG
640,2026-04-16 03:26:16.101583+00,31.7,68.7,306,TERANG
641,2026-04-16 03:31:16.604322+00,31.8,68,291,TERANG
642,2026-04-16 03:36:17.10971+00,32.1,68.5,286,TERANG
643,2026-04-16 03:41:17.730416+00,32.3,67.3,256,TERANG
644,2026-04-16 03:46:18.025224+00,32.3,67.4,260,TERANG
645,2026-04-16 03:51:18.317459+00,32.4,66.1,226,TERANG
646,2026-04-16 03:56:19.933642+00,32.6,66.7,258,TERANG
647,2026-04-16 04:01:20.153365+00,32.3,67.1,251,TERANG
648,2026-04-16 04:06:20.625299+00,32.7,66.7,256,TERANG
649,2026-04-16 04:11:20.964234+00,32.8,66.2,244,TERANG
650,2026-04-16 04:16:21.42157+00,33.2,65.3,233,TERANG
651,2026-04-16 04:21:21.73641+00,32.7,67.1,222,TERANG
652,2026-04-16 04:26:23.787903+00,32.7,66.8,226,TERANG
653,2026-04-16 04:36:28.425322+00,32.8,65.8,192,TERANG
654,2026-04-16 04:41:28.870836+00,33.1,64.1,221,TERANG
655,2026-04-16 04:46:29.273553+00,32.7,64.5,182,TERANG
656,2026-04-16 04:51:29.490185+00,33.2,64.8,191,TERANG
657,2026-04-16 04:56:29.962125+00,33.3,65,198,TERANG
658,2026-04-16 05:01:30.225115+00,32.9,65.9,182,TERANG
659,2026-04-16 05:06:30.650076+00,33.4,64.5,176,TERANG
660,2026-04-16 05:11:34.974929+00,33.8,64.5,176,TERANG
661,2026-04-16 05:16:49.018878+00,34,62.5,171,TERANG
662,2026-04-16 05:21:51.64109+00,34.1,62.8,156,TERANG
663,2026-04-16 05:26:52.49857+00,34.1,61.5,145,TERANG
664,2026-04-16 05:42:18.990964+00,34.5,59.4,107,TERANG
665,2026-04-16 05:47:20.435998+00,34.7,58.9,84,TERANG
666,2026-04-16 05:52:21.038588+00,35.2,57.2,73,TERANG
667,2026-04-16 05:57:21.851732+00,35,57.6,61,TERANG
668,2026-04-16 06:02:22.216274+00,35.4,56.3,52,TERANG
669,2026-04-16 06:07:22.5838+00,35.6,56.2,48,TERANG
670,2026-04-16 06:12:22.811038+00,35.5,55.3,29,TERANG
671,2026-04-16 06:17:23.190235+00,36.6,54.6,19,TERANG
672,2026-04-16 06:22:23.399908+00,35.8,54.5,14,TERANG
673,2026-04-16 06:27:23.861119+00,36.1,54.6,50,TERANG
674,2026-04-16 06:32:24.130479+00,35.4,57.1,50,TERANG
675,2026-04-16 06:37:24.526855+00,35.8,55.3,59,TERANG
676,2026-04-16 06:42:24.985259+00,35.6,55.3,21,TERANG
677,2026-04-16 06:47:25.247066+00,36.4,54.8,8,TERANG
678,2026-04-16 06:52:25.73374+00,36.8,53.7,0,TERANG
679,2026-04-16 06:57:27.196845+00,36.9,52.9,0,TERANG
680,2026-04-16 07:02:28.659495+00,37.2,52.4,6,TERANG
681,2026-04-16 07:07:29.039164+00,37.5,52.4,0,TERANG
682,2026-04-16 07:22:39.31255+00,37,52.5,0,TERANG
683,2026-04-16 07:27:39.606022+00,37.2,50.7,0,TERANG
684,2026-04-16 07:32:40.158091+00,43,39.5,0,TERANG
685,2026-04-16 07:37:40.686038+00,44.7,35.3,5,TERANG
686,2026-04-16 07:42:41.099847+00,43.5,36.7,48,TERANG
687,2026-04-16 07:47:41.865848+00,39.7,45,33,TERANG
688,2026-04-16 07:52:42.539765+00,40.9,42.8,11,TERANG
689,2026-04-16 07:57:44.04295+00,44.4,35.8,2,TERANG
690,2026-04-16 08:02:44.532648+00,45.3,33.6,0,TERANG
691,2026-04-16 08:07:45.048283+00,47.2,30.5,0,TERANG
692,2026-04-16 08:12:45.513678+00,46.3,30.4,0,TERANG
693,2026-04-16 08:17:45.802756+00,46.1,30.8,0,TERANG
694,2026-04-16 08:22:46.792359+00,45.7,31.2,0,TERANG
695,2026-04-16 08:27:48.072073+00,45.9,31.2,0,TERANG
696,2026-04-16 08:33:00.24632+00,45.1,31.8,0,TERANG
697,2026-04-16 08:38:00.649818+00,43.4,34.4,30,TERANG
698,2026-04-16 08:43:01.338519+00,42.5,36.7,31,TERANG
699,2026-04-16 08:48:01.637225+00,38.8,44.2,92,TERANG
700,2026-04-16 08:53:01.986501+00,36.9,49.9,60,TERANG
701,2026-04-16 08:58:04.095495+00,40.8,42.6,37,TERANG
702,2026-04-16 09:03:04.551347+00,40.1,42.4,100,TERANG
703,2026-04-16 09:18:22.129253+00,34.8,53.2,345,TERANG
704,2026-04-16 09:28:27.3237+00,33.1,60.6,949,TERANG
705,2026-04-16 09:33:27.524991+00,32.8,62.4,1190,TERANG
706,2026-04-16 09:38:32.293967+00,32.6,62.9,1280,TERANG
707,2026-04-16 09:43:32.470419+00,32.3,65.6,1416,TERANG
708,2026-04-16 09:59:01.043993+00,31.8,70.4,1577,TERANG
709,2026-04-16 10:04:09.009103+00,31.7,71,1731,TERANG
710,2026-04-16 10:09:09.711234+00,31.3,71,1822,TERANG
711,2026-04-16 10:14:10.354813+00,31.3,71,2034,TERANG
712,2026-04-16 10:24:22.276234+00,30.8,71.5,2684,GELAP
713,2026-04-16 10:29:22.822515+00,30.8,73.2,3110,GELAP
714,2026-04-16 10:34:23.370035+00,30.8,74.2,3730,GELAP
715,2026-04-16 10:39:23.962313+00,30.8,74.2,4095,GELAP
716,2026-04-16 10:44:24.245072+00,30.5,75.1,4095,GELAP
717,2026-04-16 10:49:24.584822+00,30.1,76.9,4095,GELAP
718,2026-04-16 10:54:24.830217+00,29.8,78.2,4095,GELAP
719,2026-04-16 10:59:25.138197+00,29.8,79,4095,GELAP
720,2026-04-16 11:04:25.746811+00,29.8,78.9,4095,GELAP
721,2026-04-16 11:09:26.130758+00,29.8,78.4,4095,GELAP
722,2026-04-16 11:14:26.6605+00,29.8,78.1,4095,GELAP
723,2026-04-16 11:19:26.808807+00,29.8,78.5,4095,GELAP
724,2026-04-16 11:24:31.153081+00,29.8,78.8,4095,GELAP
725,2026-04-16 11:55:07.375228+00,29.3,80,4095,GELAP
726,2026-04-16 12:00:08.107195+00,29.1,80,4095,GELAP
727,2026-04-16 12:05:08.522133+00,28.9,80,4095,GELAP
728,2026-04-16 12:10:08.907364+00,28.9,80.3,4095,GELAP
729,2026-04-16 12:15:09.295296+00,28.9,80.9,4095,GELAP
730,2026-04-16 12:30:28.423148+00,28.5,82.7,4095,GELAP
731,2026-04-16 12:35:29.648555+00,28.5,83.5,4095,GELAP
732,2026-04-16 12:40:30.145072+00,28.5,83.5,4095,GELAP
733,2026-04-16 12:45:30.54165+00,28.5,83.7,4095,GELAP
734,2026-04-16 12:50:30.778248+00,28.5,83.7,4095,GELAP
735,2026-04-16 12:55:32.712493+00,28,84.9,4095,GELAP
736,2026-04-16 13:00:33.170856+00,28,85.9,4095,GELAP
737,2026-04-16 13:05:34.081376+00,28.3,85.5,4095,GELAP
738,2026-04-16 13:10:34.466593+00,28,86.5,4095,GELAP
739,2026-04-16 13:15:34.916855+00,28,87.3,4095,GELAP
740,2026-04-16 13:20:39.272979+00,28,87.7,4095,GELAP
741,2026-04-16 13:25:39.935486+00,28,88,4095,GELAP
742,2026-04-16 13:30:40.522473+00,28,88.4,4095,GELAP
743,2026-04-16 13:35:40.970617+00,28,89,4095,GELAP
744,2026-04-16 13:40:43.393927+00,28,89,4095,GELAP
745,2026-04-16 13:45:43.614857+00,28,89.2,4095,GELAP
746,2026-04-16 13:50:44.032123+00,28,89.2,4095,GELAP
747,2026-04-16 13:55:44.581331+00,28,89.3,4095,GELAP
748,2026-04-16 14:00:44.873595+00,27.8,89.8,4095,GELAP
749,2026-04-16 14:05:47.341775+00,27.6,91.5,4095,GELAP
750,2026-04-16 14:10:47.722867+00,28,90,4095,GELAP
751,2026-04-16 14:15:48.115014+00,28,89.6,4095,GELAP
752,2026-04-16 14:20:48.476549+00,28,90.8,4095,GELAP
753,2026-04-16 14:25:48.980464+00,28,90.7,4095,GELAP
754,2026-04-16 14:30:49.396013+00,28,90.8,4095,GELAP
755,2026-04-16 14:35:49.786627+00,28,89.4,4095,GELAP
756,2026-04-16 14:40:50.132982+00,28,89.5,4095,GELAP
757,2026-04-16 14:45:50.490487+00,28,90,4095,GELAP
758,2026-04-16 14:50:50.492417+00,28,90.5,4095,GELAP
759,2026-04-16 14:55:50.682455+00,28,91,4095,GELAP
760,2026-04-16 15:00:50.728422+00,28,91.4,4095,GELAP
761,2026-04-16 15:05:50.770862+00,28,91.6,4095,GELAP
762,2026-04-16 15:10:50.759331+00,28,91.9,4095,GELAP
763,2026-04-16 15:15:50.746516+00,27.8,92.5,4095,GELAP
764,2026-04-16 15:20:52.507023+00,28,92,4095,GELAP
765,2026-04-16 15:25:56.682612+00,27.9,92.4,4095,GELAP
766,2026-04-16 15:30:57.97339+00,27.7,92.9,4095,GELAP
767,2026-04-16 15:36:01.078613+00,27.8,92.5,4095,GELAP
768,2026-04-16 15:41:01.210827+00,27.8,92.5,4095,GELAP
769,2026-04-16 15:46:01.594317+00,27.6,93.4,4095,GELAP
770,2026-04-16 15:51:10.201376+00,27.6,93.9,4095,GELAP
771,2026-04-16 15:56:10.853742+00,27.6,94,4095,GELAP
772,2026-04-16 16:01:11.073679+00,27.6,94,4095,GELAP
773,2026-04-16 16:06:11.655104+00,27.6,95.4,4095,GELAP
774,2026-04-16 16:11:12.187507+00,27.6,96,4095,GELAP
775,2026-04-16 16:16:12.509912+00,27.6,96.1,4095,GELAP
776,2026-04-16 16:21:12.99644+00,27.6,96.3,4095,GELAP
777,2026-04-16 16:26:13.273163+00,27.6,96,4095,GELAP
778,2026-04-16 16:31:13.539557+00,27.6,96,4095,GELAP
779,2026-04-16 16:36:13.963772+00,27.6,96,4095,GELAP
780,2026-04-16 16:41:14.241399+00,27.6,96,4095,GELAP
781,2026-04-16 16:46:14.519419+00,27.6,96,4095,GELAP
782,2026-04-16 16:51:14.750918+00,27.4,96,4095,GELAP
783,2026-04-16 16:56:15.112513+00,27.4,96,4095,GELAP
784,2026-04-16 17:01:15.696744+00,27.1,96,4095,GELAP
785,2026-04-16 17:06:16.112078+00,27.1,96,4095,GELAP
786,2026-04-16 17:11:16.324333+00,27.1,95.8,4095,GELAP
787,2026-04-16 17:16:16.686192+00,27.1,96,4095,GELAP
788,2026-04-16 17:21:16.933965+00,27.1,95.4,4095,GELAP
789,2026-04-16 17:26:17.264642+00,27.1,95.2,4095,GELAP
790,2026-04-16 17:31:17.467693+00,27.2,94.8,4095,GELAP
791,2026-04-16 17:36:17.882643+00,27.1,95,4095,GELAP
792,2026-04-16 17:41:18.118782+00,27.1,96,4095,GELAP
793,2026-04-16 17:46:18.434018+00,27,96,4095,GELAP
794,2026-04-16 17:51:18.902358+00,26.7,96,4095,GELAP
795,2026-04-16 17:56:19.691399+00,27.1,96,4095,GELAP
796,2026-04-16 18:01:20.019564+00,26.8,96,4095,GELAP
797,2026-04-16 18:06:20.445607+00,26.7,96,4095,GELAP
798,2026-04-16 18:11:20.639818+00,26.7,96,4095,GELAP
799,2026-04-16 18:16:20.969121+00,26.7,96,4095,GELAP
800,2026-04-16 18:21:21.455694+00,26.7,96,4095,GELAP
801,2026-04-16 18:26:30.134246+00,26.7,96.1,4095,GELAP
802,2026-04-16 18:31:30.497556+00,26.7,96.9,4095,GELAP
803,2026-04-16 18:36:31.706969+00,26.7,97,4095,GELAP
804,2026-04-16 18:41:42.386118+00,26.7,97.9,4095,GELAP
805,2026-04-16 18:46:47.23345+00,26.7,98,4095,GELAP
806,2026-04-16 19:01:59.408921+00,26.7,97.7,4095,GELAP
807,2026-04-16 19:06:59.862072+00,26.7,98,4095,GELAP
808,2026-04-16 19:17:07.110875+00,26.7,98,4095,GELAP
809,2026-04-16 19:22:07.567678+00,26.7,98,4095,GELAP
810,2026-04-16 19:27:07.805842+00,26.7,98,4095,GELAP
811,2026-04-16 19:32:10.819394+00,26.7,98,4095,GELAP
812,2026-04-16 19:37:11.135024+00,26.7,98,4095,GELAP
813,2026-04-16 19:42:11.354416+00,26.7,98,4095,GELAP
814,2026-04-16 19:47:11.728006+00,26.7,98,4095,GELAP
815,2026-04-16 19:52:11.972991+00,26.7,98,4095,GELAP
816,2026-04-16 19:57:12.202766+00,26.5,98,4095,GELAP
817,2026-04-16 20:02:12.416287+00,26.4,98,4095,GELAP
818,2026-04-16 20:07:12.839532+00,26.2,98,4095,GELAP
819,2026-04-16 20:12:13.093892+00,26.2,98,4095,GELAP
820,2026-04-16 20:17:13.455353+00,26.2,98,4095,GELAP
821,2026-04-16 20:22:13.662853+00,26.2,98,4095,GELAP
822,2026-04-16 20:27:14.213326+00,26.2,98,4095,GELAP
823,2026-04-16 20:32:14.468834+00,26.2,98,4095,GELAP
824,2026-04-16 20:37:14.776528+00,26.2,98,4095,GELAP
825,2026-04-16 20:42:14.943137+00,26.2,98,4095,GELAP
826,2026-04-16 20:47:15.266201+00,26.2,98,4095,GELAP
827,2026-04-16 20:52:15.648101+00,26.2,98,4095,GELAP
828,2026-04-16 20:57:15.87885+00,26.2,98,4095,GELAP
829,2026-04-16 21:02:16.065232+00,26.2,98,4095,GELAP
830,2026-04-16 21:07:16.718077+00,26.2,97.8,4095,GELAP
831,2026-04-16 21:12:16.968559+00,26.2,97.2,4095,GELAP
832,2026-04-16 21:17:17.267493+00,26.2,97,4095,GELAP
833,2026-04-16 21:22:17.507477+00,26.6,96.2,4095,GELAP
834,2026-04-16 21:27:20.579754+00,26.3,96,4095,GELAP
835,2026-04-16 21:32:21.06961+00,26.2,96,4095,GELAP
836,2026-04-16 21:37:21.507741+00,26.2,96,4095,GELAP
837,2026-04-16 21:47:32.995433+00,26.2,96,4095,GELAP
838,2026-04-16 21:52:33.374062+00,26.2,96,4095,GELAP
839,2026-04-16 21:57:36.970656+00,26.2,95.5,4095,GELAP
840,2026-04-16 22:02:38.901794+00,26.2,95.9,4095,GELAP
841,2026-04-16 22:07:39.485136+00,26.2,96,4095,GELAP
842,2026-04-16 22:19:12.019958+00,26.2,96,4095,GELAP
843,2026-04-16 22:24:12.448102+00,26.2,96,4095,GELAP
844,2026-04-16 22:29:13.775652+00,26.2,96,4095,GELAP
845,2026-04-16 22:34:14.159208+00,26.2,96,4095,GELAP
846,2026-04-16 22:39:14.416484+00,26.2,96,3640,GELAP
847,2026-04-16 22:44:14.79397+00,26.2,96,2608,GELAP
848,2026-04-16 22:49:14.994767+00,26.2,96,2009,TERANG
849,2026-04-16 22:54:15.305325+00,26.2,96,1632,TERANG
850,2026-04-16 22:59:15.586716+00,26.2,96,1373,TERANG
851,2026-04-16 23:04:15.77014+00,26.2,96,1191,TERANG
852,2026-04-16 23:09:16.204647+00,26.2,95.8,1074,TERANG
853,2026-04-16 23:14:16.92275+00,26.2,95.3,1052,TERANG
854,2026-04-16 23:19:17.271015+00,26.7,94.4,1050,TERANG
855,2026-04-16 23:24:17.609301+00,26.7,94,992,TERANG
856,2026-04-16 23:29:18.145614+00,26.9,94,776,TERANG
857,2026-04-16 23:34:18.607018+00,27.1,93.2,708,TERANG
858,2026-04-16 23:44:23.188153+00,27.1,93,718,TERANG
859,2026-04-16 23:49:23.739083+00,27.1,92.7,651,TERANG
860,2026-04-16 23:54:24.280695+00,27.4,92.1,635,TERANG
861,2026-04-16 23:59:26.34348+00,27.6,91.5,622,TERANG
862,2026-04-17 00:04:37.567467+00,27.6,91.5,614,TERANG
863,2026-04-17 00:09:37.79539+00,27.7,91.3,595,TERANG
864,2026-04-17 00:14:40.51097+00,27.9,88.7,581,TERANG
865,2026-04-17 00:19:41.005087+00,28,87.8,568,TERANG
866,2026-04-17 00:24:41.195395+00,28,87.1,560,TERANG
867,2026-04-17 00:29:41.650119+00,28,86.5,577,TERANG
868,2026-04-17 00:34:42.02734+00,28.1,85.8,560,TERANG
869,2026-04-17 00:39:42.280139+00,28.2,85.7,553,TERANG
870,2026-04-17 00:44:42.590482+00,28.5,83.9,530,TERANG
871,2026-04-17 00:49:42.81749+00,28.5,83.4,520,TERANG
872,2026-04-17 00:54:43.361235+00,28.7,82.1,513,TERANG
873,2026-04-17 00:59:44.136386+00,28.8,81.3,510,TERANG
874,2026-04-17 01:04:44.454321+00,29,80.2,493,TERANG
875,2026-04-17 01:09:44.844894+00,29,79.4,498,TERANG
876,2026-04-17 01:14:45.244146+00,29.3,78.4,488,TERANG
877,2026-04-17 01:19:45.524883+00,29.3,77.3,483,TERANG
878,2026-04-17 01:24:46.200308+00,29.3,76.2,476,TERANG
879,2026-04-17 01:29:46.904672+00,29.6,76.3,475,TERANG
880,2026-04-17 01:34:47.26404+00,29.8,74.8,467,TERANG
881,2026-04-17 01:39:51.260512+00,30,72.5,462,TERANG
882,2026-04-17 01:44:51.549298+00,30,71,453,TERANG
883,2026-04-17 01:49:53.84842+00,30.2,70.2,440,TERANG
884,2026-04-17 01:54:55.512047+00,30.2,68.9,430,TERANG
885,2026-04-17 01:59:57.964524+00,30.8,68.8,421,TERANG
886,2026-04-17 02:04:58.306285+00,30.7,68.3,418,TERANG
887,2026-04-17 02:09:58.610706+00,30.7,68.6,411,TERANG
888,2026-04-17 02:14:58.885511+00,30.9,67.6,405,TERANG
889,2026-04-17 02:19:59.425885+00,30.8,67.5,400,TERANG
890,2026-04-17 02:24:59.924705+00,31.1,67.2,392,TERANG
891,2026-04-17 02:30:00.165048+00,30.8,67.8,399,TERANG
892,2026-04-17 02:35:01.736078+00,30.9,67.8,376,TERANG
893,2026-04-17 02:45:06.619962+00,31.4,66.5,366,TERANG
894,2026-04-17 03:05:35.682281+00,32.3,66.8,323,TERANG
895,2026-04-17 03:10:37.564094+00,32.2,65.2,325,TERANG
896,2026-04-17 03:15:37.928742+00,32.3,64.7,346,TERANG
897,2026-04-17 03:20:38.269469+00,32.6,63.8,368,TERANG
898,2026-04-17 03:30:51.018118+00,32.7,63.8,323,TERANG
899,2026-04-17 03:35:51.527853+00,32.8,62.5,324,TERANG
900,2026-04-17 03:40:51.863628+00,33,60.7,307,TERANG
901,2026-04-17 03:45:52.735405+00,33,62,306,TERANG
902,2026-04-17 03:50:53.009264+00,33.3,61.4,299,TERANG
903,2026-04-17 03:55:53.414788+00,33.5,60,286,TERANG
904,2026-04-17 04:00:53.716323+00,33.5,59.8,289,TERANG
905,2026-04-17 04:05:54.152106+00,33.5,60.9,279,TERANG
906,2026-04-17 04:10:54.520062+00,33.6,59.1,252,TERANG
907,2026-04-17 04:15:55.049064+00,33.8,59.9,230,TERANG
908,2026-04-17 04:26:03.077814+00,34.2,59.1,217,TERANG
909,2026-04-17 04:31:03.412068+00,33.6,58.3,217,TERANG
910,2026-04-17 04:36:03.875018+00,34.1,59,209,TERANG
911,2026-04-17 04:41:04.134893+00,34.2,58.8,203,TERANG
912,2026-04-17 04:46:04.504122+00,34.2,58.8,187,TERANG
913,2026-04-17 04:51:04.798026+00,34.1,59,185,TERANG
914,2026-04-17 04:56:05.231578+00,34.2,59.4,198,TERANG
915,2026-04-17 05:01:05.600227+00,34.2,60,187,TERANG
916,2026-04-17 05:06:06.033517+00,34.5,59,155,TERANG
917,2026-04-17 05:11:06.881827+00,34.4,57.7,168,TERANG
918,2026-04-17 05:16:07.755589+00,34.8,57.1,164,TERANG
919,2026-04-17 05:21:08.540374+00,34.8,56.2,153,TERANG
920,2026-04-17 05:26:08.795963+00,35,55.7,140,TERANG
921,2026-04-17 05:31:11.251254+00,35.4,54.1,130,TERANG
922,2026-04-17 05:36:13.507905+00,35.3,54.2,116,TERANG
923,2026-04-17 05:41:14.984002+00,35.4,54.3,106,TERANG
924,2026-04-17 05:46:15.950853+00,35.5,53.8,97,TERANG
925,2026-04-17 05:51:16.888649+00,35.5,53,79,TERANG
926,2026-04-17 05:56:17.845729+00,36.3,53.8,67,TERANG
927,2026-04-17 06:01:18.319769+00,36.9,52.7,53,TERANG
928,2026-04-17 06:06:18.742523+00,36.5,51,44,TERANG
929,2026-04-17 06:11:28.21551+00,36.5,51.2,30,TERANG
930,2026-04-17 06:16:28.657968+00,36.8,51.2,20,TERANG
931,2026-04-17 06:21:28.984526+00,36.9,51.4,12,TERANG
932,2026-04-17 06:26:29.973017+00,37.1,50.7,7,TERANG
933,2026-04-17 06:31:32.872105+00,38,48.6,0,TERANG
934,2026-04-17 06:41:44.809822+00,38.1,48.1,0,TERANG
935,2026-04-17 06:46:46.11535+00,38.3,48.3,0,TERANG
936,2026-04-17 06:51:48.829049+00,38.6,46.9,6,TERANG
937,2026-04-17 06:56:49.144764+00,38.2,46.8,0,TERANG
938,2026-04-17 07:01:49.423322+00,38,47.8,0,TERANG
939,2026-04-17 07:06:58.847858+00,38.4,47.9,5,TERANG
940,2026-04-17 07:11:59.346328+00,38.5,47.5,0,TERANG
941,2026-04-17 07:16:59.75692+00,38.5,47.5,0,TERANG
942,2026-04-17 07:27:15.185109+00,38.8,46.1,0,TERANG
943,2026-04-17 07:32:15.832579+00,44.9,35.5,0,TERANG
944,2026-04-17 07:37:16.392181+00,47.9,29.4,0,TERANG
945,2026-04-17 07:42:16.891723+00,46.7,30.6,0,TERANG
946,2026-04-17 07:47:20.013786+00,44.2,34.3,0,TERANG
947,2026-04-17 07:52:21.7119+00,44.1,35.4,1,TERANG
948,2026-04-17 07:57:21.891806+00,42.7,36.7,33,TERANG
949,2026-04-17 08:02:22.102805+00,41.7,39.1,10,TERANG
950,2026-04-17 08:07:25.46963+00,42.8,37.2,2,TERANG
951,2026-04-17 08:12:25.659777+00,43.8,35.8,27,TERANG
952,2026-04-17 08:17:26.247166+00,37.9,46.8,156,TERANG
953,2026-04-17 08:22:26.483433+00,35.7,52.4,149,TERANG
954,2026-04-17 08:27:26.984255+00,41.5,42.1,1,TERANG
955,2026-04-17 08:32:30.336089+00,44.3,34.7,0,TERANG
956,2026-04-17 08:37:30.554834+00,43.8,34.7,36,TERANG
957,2026-04-17 08:42:30.71875+00,38.1,44.9,149,TERANG
958,2026-04-17 08:47:31.296088+00,35.7,49.7,178,TERANG
959,2026-04-17 08:52:31.580541+00,35.5,49.8,129,TERANG
960,2026-04-17 08:57:38.779495+00,37.6,47.2,85,TERANG
961,2026-04-17 09:02:43.115878+00,37.7,46.1,145,TERANG
962,2026-04-17 09:07:43.557828+00,37.1,48,149,TERANG
963,2026-04-17 09:12:43.754676+00,36.7,48.7,166,TERANG
964,2026-04-17 09:17:44.522483+00,35.6,48.7,214,TERANG
965,2026-04-17 09:22:44.826231+00,34.8,58.4,312,TERANG
966,2026-04-17 09:27:45.176719+00,33.9,66.2,307,TERANG
967,2026-04-17 09:32:47.388494+00,33.1,69.9,320,TERANG
968,2026-04-17 09:43:00.453732+00,32.8,70.6,356,TERANG
969,2026-04-17 09:48:00.987392+00,32.6,70.9,416,TERANG
970,2026-04-17 09:53:01.242196+00,32.3,71.2,510,TERANG
971,2026-04-17 09:58:12.740288+00,32.2,72,727,TERANG
972,2026-04-17 10:03:13.175557+00,32,72.4,780,TERANG
973,2026-04-17 10:08:13.411459+00,31.8,72.8,952,TERANG
974,2026-04-17 10:13:13.846426+00,31.4,74.3,1239,TERANG
975,2026-04-17 10:18:14.190202+00,31.3,73.9,1340,TERANG
976,2026-04-17 10:23:14.562231+00,31.1,74.7,1571,TERANG
977,2026-04-17 10:28:14.840844+00,30.8,75,1875,TERANG
978,2026-04-17 10:33:16.143922+00,30.8,76.1,2248,TERANG
979,2026-04-17 10:38:16.406135+00,30.6,77.6,2838,GELAP
980,2026-04-17 10:43:16.675612+00,30.2,79,3812,GELAP
981,2026-04-17 10:48:16.887042+00,30.2,79,4095,GELAP
982,2026-04-17 10:53:17.217116+00,30,81.3,4095,GELAP
983,2026-04-17 10:58:17.484884+00,30,82.2,4095,GELAP
984,2026-04-17 11:03:17.688762+00,30,82.6,4095,GELAP
985,2026-04-17 11:08:25.454374+00,29.8,83.8,4095,GELAP
986,2026-04-17 11:13:26.008194+00,29.8,83.9,4095,GELAP
987,2026-04-17 11:18:26.26775+00,29.8,84.2,4095,GELAP
988,2026-04-17 11:23:26.587793+00,29.4,85.7,4095,GELAP
989,2026-04-17 11:28:28.032789+00,29.8,85.4,4095,GELAP
990,2026-04-17 11:33:28.816244+00,29.8,85.3,4095,GELAP
991,2026-04-17 11:38:29.38624+00,29.7,85.2,4095,GELAP
992,2026-04-17 11:43:29.888403+00,29.8,85.4,4095,GELAP
993,2026-04-17 11:48:30.335414+00,29.4,86.5,4095,GELAP
994,2026-04-17 11:53:31.117081+00,29.3,87.1,4095,GELAP
995,2026-04-17 11:58:31.449422+00,29.3,87.4,4095,GELAP
996,2026-04-17 12:03:43.56816+00,29.3,88,4095,GELAP
997,2026-04-17 12:08:38.225294+00,29.1,88.1,4095,GELAP
998,2026-04-17 12:18:43.730965+00,29.1,88.9,4095,GELAP
999,2026-04-17 12:23:44.373279+00,29,88,4095,GELAP
1000,2026-04-17 12:28:44.869615+00,29.1,88,4095,GELAP
1001,2026-04-17 12:33:47.699683+00,29.2,88,4095,GELAP
1002,2026-04-17 12:44:04.601965+00,29.3,88,4095,GELAP
1003,2026-04-17 12:49:05.093524+00,29.3,88,4095,GELAP
1004,2026-04-17 12:54:05.726486+00,29.3,88.1,4095,GELAP
1005,2026-04-17 12:59:06.062044+00,29.3,88.2,4095,GELAP
1006,2026-04-17 13:04:08.229746+00,29.3,87.9,4095,GELAP
1007,2026-04-17 13:09:08.599975+00,29.3,88.1,4095,GELAP
1008,2026-04-17 13:14:08.985556+00,29.3,88,4095,GELAP
1009,2026-04-17 13:19:09.377527+00,29.3,85.9,4095,GELAP
1010,2026-04-17 13:24:19.465756+00,29.3,79.5,4095,GELAP
1011,2026-04-17 13:29:20.605924+00,29.3,77.6,4095,GELAP
1012,2026-04-17 13:34:21.338693+00,29.3,76.7,4095,GELAP
1013,2026-04-17 13:39:21.831832+00,29.3,76.2,4095,GELAP
1014,2026-04-17 13:44:22.291504+00,29.3,77.2,4095,GELAP
1015,2026-04-17 13:49:22.684796+00,29.2,78.6,4095,GELAP
1016,2026-04-17 13:54:23.284588+00,28.9,79.5,4095,GELAP
1017,2026-04-17 13:59:23.704773+00,28.9,78.9,4095,GELAP
1018,2026-04-17 14:04:24.081445+00,28.9,79.9,4095,GELAP
1019,2026-04-17 14:09:24.793276+00,28.9,79.8,4095,GELAP
1020,2026-04-17 14:14:25.483156+00,28.9,80.9,4095,GELAP
1021,2026-04-17 14:19:26.074381+00,28.9,83.3,4095,GELAP
1022,2026-04-17 14:24:26.626494+00,28.9,84,4095,GELAP
1023,2026-04-17 14:29:27.046674+00,28.9,84.1,4095,GELAP
1024,2026-04-17 14:34:27.65329+00,28.5,85.7,4095,GELAP
1025,2026-04-17 14:44:42.337573+00,28.9,86,4095,GELAP
1026,2026-04-17 14:49:42.622887+00,28.8,87.4,4095,GELAP
1027,2026-04-17 14:54:43.089927+00,28.5,88,4095,GELAP
1028,2026-04-17 14:59:45.466964+00,28.8,88,4095,GELAP
1029,2026-04-17 15:04:45.82997+00,28.5,88,4095,GELAP
1030,2026-04-17 15:09:47.282151+00,28.5,88.7,4095,GELAP
1031,2026-04-17 15:14:47.928298+00,28.3,90.3,4095,GELAP
1032,2026-04-17 15:19:49.216352+00,27.8,93.1,4095,GELAP
1033,2026-04-17 15:24:49.705534+00,27.1,94.5,4095,GELAP
1034,2026-04-17 15:29:50.142515+00,27.1,95.6,4095,GELAP
1035,2026-04-17 15:34:50.797054+00,27.1,96.8,4095,GELAP
1036,2026-04-17 15:39:51.455381+00,27.1,97.1,4095,GELAP
1037,2026-04-17 15:45:01.892406+00,27.1,98,4095,GELAP
1038,2026-04-17 15:50:03.789652+00,27,98,4095,GELAP
1039,2026-04-17 15:55:04.310902+00,26.9,98,4095,GELAP
1040,2026-04-17 16:00:04.700732+00,27.1,98,4095,GELAP
1041,2026-04-17 16:05:04.95968+00,27,98,4095,GELAP
1042,2026-04-17 16:10:06.972138+00,26.1,98,4095,GELAP
1043,2026-04-17 16:15:07.402663+00,26.2,98,4095,GELAP
1044,2026-04-17 16:20:07.77072+00,26.7,98,4095,GELAP
1045,2026-04-17 16:25:08.454589+00,26.3,98,4095,GELAP
1046,2026-04-17 16:30:08.751582+00,26.4,98,4095,GELAP
1047,2026-04-17 16:35:09.794877+00,26.7,98,4095,GELAP
1048,2026-04-17 16:40:10.191772+00,26.5,98,4095,GELAP
1049,2026-04-17 16:45:10.603674+00,26.7,98,4095,GELAP
1050,2026-04-17 16:50:10.831306+00,26.7,98,4095,GELAP
1051,2026-04-17 16:55:11.234712+00,26.7,98,4095,GELAP
1052,2026-04-17 17:00:11.920186+00,26.7,98,4095,GELAP
1053,2026-04-17 17:05:13.293877+00,26.7,98,4095,GELAP
1054,2026-04-17 17:10:13.502846+00,26.7,98,4095,GELAP
1055,2026-04-17 17:15:13.881827+00,26.7,98,4095,GELAP
1056,2026-04-17 17:20:14.067021+00,26.7,98,4095,GELAP
1057,2026-04-17 17:25:14.498162+00,26.7,98,4095,GELAP
1058,2026-04-17 17:30:14.740216+00,26.7,98,4095,GELAP
1059,2026-04-17 17:35:14.988431+00,26.7,98,4095,GELAP
1060,2026-04-17 17:40:15.195594+00,26.7,98,4095,GELAP
1061,2026-04-17 17:45:15.515747+00,26.6,98,4095,GELAP
1062,2026-04-17 17:50:15.774257+00,26.5,98,4095,GELAP
1063,2026-04-17 17:55:16.127024+00,26.7,97.9,4095,GELAP
1064,2026-04-17 18:00:16.379817+00,26.3,97.4,4095,GELAP
1065,2026-04-17 18:05:24.47389+00,26.2,98,4095,GELAP
1066,2026-04-17 18:15:30.019534+00,26.2,98,4095,GELAP
1067,2026-04-17 18:20:30.841003+00,26.2,98,4095,GELAP
1068,2026-04-17 18:25:31.889136+00,26.2,98,4095,GELAP
1069,2026-04-17 18:30:34.541195+00,26.2,98,4095,GELAP
1070,2026-04-17 18:40:52.497378+00,26.2,98,4095,GELAP
1071,2026-04-17 18:45:52.968282+00,26.2,98,4095,GELAP
1072,2026-04-17 19:01:08.797163+00,26.2,98,4095,GELAP
1073,2026-04-17 19:06:09.202714+00,26.2,98,4095,GELAP
1074,2026-04-17 19:11:09.659418+00,26.2,98,4095,GELAP
1075,2026-04-17 19:16:09.936781+00,26.2,98,4095,GELAP
1076,2026-04-17 19:21:10.464017+00,26.3,98,4095,GELAP
1077,2026-04-17 19:26:10.697308+00,26.7,98,4095,GELAP
1078,2026-04-17 19:31:11.099744+00,26.7,98,4095,GELAP
1079,2026-04-17 19:36:11.517935+00,26.7,98,4095,GELAP
1080,2026-04-17 19:41:12.375239+00,26.3,98,4095,GELAP
1081,2026-04-17 19:46:12.671625+00,26,98,4095,GELAP
1082,2026-04-17 19:51:12.882769+00,26.1,98,4095,GELAP
1083,2026-04-17 19:56:13.148928+00,26.2,98,4095,GELAP
1084,2026-04-17 20:01:13.347903+00,26.2,98,4095,GELAP
1085,2026-04-17 20:06:13.599387+00,26.2,98,4095,GELAP
1086,2026-04-17 20:11:13.860739+00,26.2,98,4095,GELAP
1087,2026-04-17 20:16:15.275182+00,26.2,98,4095,GELAP
1088,2026-04-17 20:26:21.088796+00,25.8,98,4095,GELAP
1089,2026-04-17 20:31:21.334102+00,25.8,98,4095,GELAP
1090,2026-04-17 20:36:21.664529+00,26,98,4095,GELAP
1091,2026-04-17 20:41:22.017135+00,26.2,98,4095,GELAP
1092,2026-04-17 20:46:22.233669+00,26.2,98,4095,GELAP
1093,2026-04-17 20:51:22.490032+00,26,98,4095,GELAP
1094,2026-04-17 20:56:32.478892+00,25.8,98,4095,GELAP
1095,2026-04-17 21:01:32.582079+00,25.8,98,4095,GELAP
1096,2026-04-17 21:11:54.818436+00,25.8,98,4095,GELAP
1097,2026-04-17 21:16:55.038053+00,25.7,98,4095,GELAP
1098,2026-04-17 21:21:55.270312+00,25.3,98,4095,GELAP
1099,2026-04-17 21:26:55.653631+00,25.3,98,4095,GELAP
1100,2026-04-17 21:31:55.809921+00,25.3,98,4095,GELAP
1101,2026-04-17 21:36:56.121325+00,25.3,98,4095,GELAP
1102,2026-04-17 21:41:56.695076+00,25.3,98,4095,GELAP
1103,2026-04-17 21:46:57.00436+00,25.3,98,4095,GELAP
1104,2026-04-17 21:51:57.380709+00,25.3,98,4095,GELAP
1105,2026-04-17 21:56:57.583582+00,25.3,98,4095,GELAP
1106,2026-04-17 22:01:58.979251+00,25.3,98,4095,GELAP
1107,2026-04-17 22:06:59.679876+00,25.3,98,4095,GELAP
1108,2026-04-17 22:12:02.397322+00,25.3,98,4095,GELAP
1109,2026-04-17 22:17:02.744968+00,25.3,98,4095,GELAP
1110,2026-04-17 22:22:03.199553+00,25.3,98,4095,GELAP
1111,2026-04-17 22:27:03.470704+00,25.3,98,4095,GELAP
1112,2026-04-17 22:32:03.65604+00,25.3,98,4095,GELAP
1113,2026-04-17 22:37:04.074332+00,25.3,98,4095,GELAP
1114,2026-04-17 22:42:04.440198+00,25.3,98,4095,GELAP
1115,2026-04-17 22:47:04.703114+00,25.3,98,3637,GELAP
1116,2026-04-17 22:52:04.894973+00,25.3,98,2887,GELAP
1117,2026-04-17 22:57:05.341154+00,25.3,98,2548,GELAP
1118,2026-04-17 23:02:06.080608+00,25.3,98,2345,TERANG
1119,2026-04-17 23:12:23.867345+00,25.3,98,1660,TERANG
1120,2026-04-17 23:17:25.292725+00,25.3,98,1341,TERANG
1121,2026-04-17 23:22:25.490618+00,25.3,98,1094,TERANG
1122,2026-04-17 23:32:31.108524+00,25.8,98,721,TERANG
1123,2026-04-17 23:37:31.697153+00,25.8,98,693,TERANG
1124,2026-04-17 23:42:32.078646+00,25.8,98,743,TERANG
1125,2026-04-17 23:47:32.591075+00,25.9,98,648,TERANG
1126,2026-04-17 23:52:32.987742+00,26.2,98,622,TERANG
1127,2026-04-17 23:57:35.843084+00,26.2,98,573,TERANG
1128,2026-04-18 00:02:36.137331+00,26.2,98,600,TERANG
1129,2026-04-18 00:07:39.431326+00,26.2,98,597,TERANG
1130,2026-04-18 00:12:40.226625+00,26.3,98,543,TERANG
1131,2026-04-18 00:17:40.606261+00,26.7,98,527,TERANG
1132,2026-04-18 00:22:40.886393+00,26.7,98,499,TERANG
1133,2026-04-18 00:27:41.193728+00,27.1,98,461,TERANG
1134,2026-04-18 00:32:41.430403+00,27.1,98,444,TERANG
1135,2026-04-18 00:37:41.678516+00,27.5,98,432,TERANG
1136,2026-04-18 00:42:42.271575+00,27.6,97.3,430,TERANG
1137,2026-04-18 00:47:42.672067+00,27.6,96.9,419,TERANG
1138,2026-04-18 00:52:42.935629+00,27.8,96,388,TERANG
1139,2026-04-18 00:57:43.434273+00,28,93.9,394,TERANG
1140,2026-04-18 01:02:43.77796+00,28.4,93,381,TERANG
1141,2026-04-18 01:07:44.236584+00,28.3,93,378,TERANG
1142,2026-04-18 01:12:44.747024+00,28.5,91.6,388,TERANG
1143,2026-04-18 01:17:45.189288+00,28.6,90.8,399,TERANG
1144,2026-04-18 01:22:45.587404+00,28.9,91,390,TERANG
1145,2026-04-18 01:27:46.132105+00,28.8,90.3,387,TERANG
1146,2026-04-18 01:32:46.447028+00,29,90,382,TERANG
1147,2026-04-18 01:37:46.758262+00,29.3,85.4,365,TERANG
1148,2026-04-18 01:42:51.059486+00,29.2,85.7,348,TERANG
1149,2026-04-18 01:47:51.512599+00,29.5,83.8,332,TERANG
1150,2026-04-18 01:52:51.729591+00,29.8,83.1,317,TERANG
1151,2026-04-18 01:57:52.194985+00,29.8,81.1,314,TERANG
1152,2026-04-18 02:02:52.71843+00,29.9,81.6,331,TERANG
1153,2026-04-18 02:07:53.048401+00,29.9,79.8,343,TERANG
1154,2026-04-18 02:12:53.492238+00,29.8,80.8,363,TERANG
1155,2026-04-18 02:17:53.763315+00,30.2,76.5,350,TERANG
1156,2026-04-18 02:22:54.067736+00,30.2,75.1,339,TERANG
1157,2026-04-18 02:27:54.466099+00,30.5,74.6,316,TERANG
1158,2026-04-18 02:32:54.814716+00,30.8,73.8,327,TERANG
1159,2026-04-18 02:37:55.144187+00,30.8,73.6,331,TERANG
1160,2026-04-18 02:48:07.14148+00,30.8,70.3,320,TERANG
1161,2026-04-18 02:53:07.671362+00,31.1,70,320,TERANG
1162,2026-04-18 02:58:07.904302+00,31.3,70.5,321,TERANG
1163,2026-04-18 03:03:08.335011+00,30.8,71,315,TERANG
1164,2026-04-18 03:08:08.550586+00,31.3,71,306,TERANG
1165,2026-04-18 03:13:08.785294+00,30.8,71,298,TERANG
1166,2026-04-18 03:18:09.208741+00,30.9,70.8,288,TERANG
1167,2026-04-18 03:23:09.714101+00,31.3,70.3,281,TERANG
1168,2026-04-18 03:28:10.086798+00,31.6,70.1,295,TERANG
1169,2026-04-18 03:33:10.446583+00,31.6,70,271,TERANG
1170,2026-04-18 03:38:10.97301+00,31.7,69.5,270,TERANG
1171,2026-04-18 03:43:11.453967+00,31.4,69.9,265,TERANG
1172,2026-04-18 03:48:11.717383+00,31.8,70,259,TERANG
1173,2026-04-18 03:53:12.612054+00,31.9,69.1,265,TERANG
1174,2026-04-18 03:58:13.002619+00,31.8,68.2,248,TERANG
1175,2026-04-18 04:03:13.432679+00,32.7,68.5,248,TERANG
1176,2026-04-18 04:08:14.137691+00,32.6,69,236,TERANG
1177,2026-04-18 04:13:14.700166+00,32.5,69,256,TERANG
1178,2026-04-18 04:18:15.001929+00,32.4,67.9,223,TERANG
1179,2026-04-18 04:23:15.572325+00,32.8,67.5,225,TERANG
1180,2026-04-18 04:28:15.929287+00,33.2,66.6,212,TERANG
1181,2026-04-18 04:33:16.433206+00,33,66.8,210,TERANG
1182,2026-04-18 04:38:16.773707+00,33.6,66.1,194,TERANG
1183,2026-04-18 04:43:17.344874+00,33.3,65.6,197,TERANG
1184,2026-04-18 04:48:17.881032+00,33.4,65.6,185,TERANG
1185,2026-04-18 04:53:18.363816+00,33.8,64.9,177,TERANG
1186,2026-04-18 04:58:18.957731+00,33.8,62.8,177,TERANG
1187,2026-04-18 05:03:19.355895+00,33.9,61.8,168,TERANG
1188,2026-04-18 05:08:19.956464+00,33.9,61.2,158,TERANG
1189,2026-04-18 05:13:22.55259+00,33.9,60.8,152,TERANG
1190,2026-04-18 05:18:36.732164+00,34.2,61.1,145,TERANG
1191,2026-04-18 05:23:37.220435+00,34.4,60.8,120,TERANG
1192,2026-04-18 05:28:37.707384+00,34.3,60.1,163,TERANG
1193,2026-04-18 05:33:38.339222+00,33.8,60.2,153,TERANG
1194,2026-04-18 05:38:38.702363+00,34.4,59.3,95,TERANG
1195,2026-04-18 05:43:39.045933+00,35,58.2,87,TERANG
1196,2026-04-18 05:48:39.632058+00,35.2,56.6,77,TERANG
1197,2026-04-18 05:53:39.88611+00,35.2,56.3,61,TERANG
1198,2026-04-18 05:58:40.206195+00,35.9,55.9,51,TERANG
1199,2026-04-18 06:03:40.419576+00,36.5,53.7,45,TERANG
1200,2026-04-18 06:08:40.828064+00,35.6,53.2,62,TERANG
1201,2026-04-18 06:13:41.117014+00,35.9,53.4,27,TERANG
1202,2026-04-18 06:18:41.585917+00,36.3,53.1,19,TERANG
1203,2026-04-18 06:23:41.731703+00,35.3,53.2,112,TERANG
1204,2026-04-18 06:28:42.142497+00,35.3,54.6,10,TERANG
1205,2026-04-18 06:33:42.724193+00,37.1,52.6,2,TERANG
1206,2026-04-18 06:38:42.95572+00,36.8,51,0,TERANG
1207,2026-04-18 06:43:43.268512+00,37.1,51.6,0,TERANG
1208,2026-04-18 06:48:43.425248+00,37,50.5,89,TERANG
1209,2026-04-18 06:53:43.852505+00,34.7,56.1,182,TERANG
1210,2026-04-18 06:58:44.376753+00,34.2,57.4,119,TERANG
1211,2026-04-18 07:03:45.841178+00,36.1,54.1,0,TERANG
1212,2026-04-18 07:08:46.140626+00,37,51.3,0,TERANG
1213,2026-04-18 07:13:46.664727+00,37.5,49.6,0,TERANG
1214,2026-04-18 07:18:46.990001+00,37.8,48.9,0,TERANG
1215,2026-04-18 07:23:47.301776+00,38,48.6,0,TERANG
1216,2026-04-18 07:28:48.44765+00,39.7,45.9,7,TERANG
1217,2026-04-18 07:33:48.888507+00,44.3,35.5,0,TERANG
1218,2026-04-18 07:38:49.154862+00,45.5,32.4,0,TERANG
1219,2026-04-18 07:43:49.35167+00,45.6,31.1,0,TERANG
1220,2026-04-18 07:54:08.241213+00,36.1,48.9,118,TERANG
1221,2026-04-18 08:04:25.457536+00,39.7,43.5,34,TERANG
1222,2026-04-18 08:09:25.843466+00,40.3,40.8,45,TERANG
1223,2026-04-18 08:14:26.323617+00,41.3,40.4,7,TERANG
1224,2026-04-18 08:19:26.649794+00,43.8,35.2,8,TERANG
1225,2026-04-18 08:24:27.198741+00,38.9,44.1,79,TERANG
1226,2026-04-18 08:29:27.524261+00,42.7,37.9,7,TERANG
1227,2026-04-18 08:34:28.045973+00,39.5,42.4,145,TERANG
1228,2026-04-18 08:39:28.376242+00,37.6,47,109,TERANG
1229,2026-04-18 08:44:29.114232+00,36.7,48.7,204,TERANG
1230,2026-04-18 08:49:29.530708+00,34.7,54,223,TERANG
1231,2026-04-18 08:54:38.631403+00,35.3,52,120,TERANG
1232,2026-04-18 08:59:49.119931+00,36.4,49.8,202,TERANG
1233,2026-04-18 09:04:50.202356+00,35.3,52.9,179,TERANG
1234,2026-04-18 09:09:50.636034+00,35.7,51.1,177,TERANG
1235,2026-04-18 09:14:51.040907+00,35.4,52.7,199,TERANG
1236,2026-04-18 09:19:51.269631+00,34.6,57.9,223,TERANG
1237,2026-04-18 09:24:51.700827+00,33.5,67.5,330,TERANG
1238,2026-04-18 09:29:53.477505+00,32.8,71,433,TERANG
1239,2026-04-18 09:34:54.110601+00,32.4,72.5,492,TERANG
1240,2026-04-18 09:39:57.315029+00,31.8,75,531,TERANG
1241,2026-04-18 09:44:58.807387+00,31.6,76.2,597,TERANG
1242,2026-04-18 09:50:00.173569+00,31.3,77.5,680,TERANG
1243,2026-04-18 09:55:00.561218+00,30.8,78.2,765,TERANG
1244,2026-04-18 10:00:00.856743+00,30.4,79.4,853,TERANG
1245,2026-04-18 10:05:01.361141+00,30.4,79,909,TERANG
1246,2026-04-18 10:10:01.985361+00,30.2,80.5,916,TERANG
1247,2026-04-18 10:15:02.325339+00,30.1,82,1036,TERANG
1248,2026-04-18 10:20:02.625609+00,30.2,79.6,1248,TERANG
1249,2026-04-18 10:25:03.009559+00,29.8,81.3,1471,TERANG
1250,2026-04-18 10:30:03.338701+00,29.8,80.3,1851,TERANG
1251,2026-04-18 10:35:03.691912+00,29.6,80,2505,GELAP
1252,2026-04-18 10:40:03.997514+00,29.3,80.5,3247,GELAP
1253,2026-04-18 10:45:10.781451+00,29.3,80.6,3899,GELAP
1254,2026-04-18 10:50:11.191428+00,29.2,80.4,4095,GELAP
1255,2026-04-18 10:55:11.688398+00,28.9,80.4,4095,GELAP
1256,2026-04-18 11:00:11.882629+00,28.6,79.1,4095,GELAP
1257,2026-04-18 11:05:12.598364+00,28.7,78.7,4095,GELAP
1258,2026-04-18 11:10:12.939619+00,28.5,78,4095,GELAP
1259,2026-04-18 11:25:30.251856+00,28.5,77.2,4095,GELAP
1260,2026-04-18 11:30:30.669203+00,28.5,77.6,4095,GELAP
1261,2026-04-18 11:35:31.304215+00,28.5,76.8,4095,GELAP
1262,2026-04-18 11:40:31.898564+00,28.3,77.9,4095,GELAP
1263,2026-04-18 11:45:32.383932+00,28.1,79.2,4095,GELAP
1264,2026-04-18 11:50:32.636783+00,28.2,78.7,4095,GELAP
1265,2026-04-18 11:55:32.944613+00,28,79,4095,GELAP
1266,2026-04-18 12:05:41.650523+00,28,80.3,4066,GELAP
1267,2026-04-18 12:10:44.141003+00,28.3,80,4095,GELAP
1268,2026-04-18 12:20:57.311499+00,28.3,81.5,4095,GELAP
1269,2026-04-18 12:25:57.799278+00,28.1,81.9,4095,GELAP
1270,2026-04-18 12:30:58.017747+00,28,83.6,4095,GELAP
1271,2026-04-18 12:35:58.527858+00,28,83.8,4095,GELAP
1272,2026-04-18 12:40:59.874712+00,28,83.8,4095,GELAP
1273,2026-04-18 12:46:01.991236+00,28,84.9,4095,GELAP